subject_id,session_id,run_id,task,median,scale,n_brain_voxels,source_volume_path
ICC105A,1,002,videos,393.95770263671875,151.00739288330078,113091,/lustre/disk/home/shared/cusacklab/foundcog/bids/derivatives/faizan_motion_correction_dataset/brain_masked_cropped_hfiltered_normalized_to_common_space/_subject_id_ICC105A/_referencetype_standard/_run_002_session_1_task_name_videos/sub-ICC105A_ses-1_task-videos_dir-AP_run-002_bold_mcf_corrected_flirt.nii.gz
ICC105A,1,001,rest10,392.3658752441406,170.67138671875,113172,/lustre/disk/home/shared/cusacklab/foundcog/bids/derivatives/faizan_motion_correction_dataset/brain_masked_cropped_hfiltered_normalized_to_common_space/_subject_id_ICC105A/_referencetype_standard/_run_001_session_1_task_name_rest10/sub-ICC105A_ses-1_task-rest10_dir-AP_run-001_bold_mcf_corrected_flirt.nii.gz
ICC103,1,001,videos,283.4107360839844,196.22052154541007,107146,/lustre/disk/home/shared/cusacklab/foundcog/bids/derivatives/faizan_motion_correction_dataset/brain_masked_cropped_hfiltered_normalized_to_common_space/_subject_id_ICC103/_referencetype_standard/_run_001_session_1_task_name_videos/sub-ICC103_ses-1_task-videos_dir-AP_run-001_bold_mcf_corrected_flirt.nii.gz
ICC107,1,002,videos,279.2507629394531,169.42899169921873,107145,/lustre/disk/home/shared/cusacklab/foundcog/bids/derivatives/faizan_motion_correction_dataset/brain_masked_cropped_hfiltered_normalized_to_common_space/_subject_id_ICC107/_referencetype_standard/_run_002_session_1_task_name_videos/sub-ICC107_ses-1_task-videos_dir-AP_run-002_bold_mcf_corrected_flirt.nii.gz
ICC103,2,001,videos,276.7407531738281,170.36049728393556,107146,/lustre/disk/home/shared/cusacklab/foundcog/bids/derivatives/faizan_motion_correction_dataset/brain_masked_cropped_hfiltered_normalized_to_common_space/_subject_id_ICC103/_referencetype_standard/_run_001_session_2_task_name_videos/sub-ICC103_ses-2_task-videos_dir-AP_run-001_bold_mcf_corrected_flirt.nii.gz
ICC103,1,002,videos,283.78216552734375,185.61074829101562,107146,/lustre/disk/home/shared/cusacklab/foundcog/bids/derivatives/faizan_motion_correction_dataset/brain_masked_cropped_hfiltered_normalized_to_common_space/_subject_id_ICC103/_referencetype_standard/_run_002_session_1_task_name_videos/sub-ICC103_ses-1_task-videos_dir-AP_run-002_bold_mcf_corrected_flirt.nii.gz
ICC105,1,002,videos,285.8121337890625,148.2417755126953,107146,/lustre/disk/home/shared/cusacklab/foundcog/bids/derivatives/faizan_motion_correction_dataset/brain_masked_cropped_hfiltered_normalized_to_common_space/_subject_id_ICC105/_referencetype_standard/_run_002_session_1_task_name_videos/sub-ICC105_ses-1_task-videos_dir-AP_run-002_bold_mcf_corrected_flirt.nii.gz
ICC107,1,001,videos,280.3121643066406,166.12107849121094,107146,/lustre/disk/home/shared/cusacklab/foundcog/bids/derivatives/faizan_motion_correction_dataset/brain_masked_cropped_hfiltered_normalized_to_common_space/_subject_id_ICC107/_referencetype_standard/_run_001_session_1_task_name_videos/sub-ICC107_ses-1_task-videos_dir-AP_run-001_bold_mcf_corrected_flirt.nii.gz
ICC103A,1,002,videos,348.92425537109375,166.5884117126464,113172,/lustre/disk/home/shared/cusacklab/foundcog/bids/derivatives/faizan_motion_correction_dataset/brain_masked_cropped_hfiltered_normalized_to_common_space/_subject_id_ICC103A/_referencetype_standard/_run_002_session_1_task_name_videos/sub-ICC103A_ses-1_task-videos_dir-AP_run-002_bold_mcf_corrected_flirt.nii.gz
ICC105,1,001,videos,286.3056945800781,161.6599967956543,107146,/lustre/disk/home/shared/cusacklab/foundcog/bids/derivatives/faizan_motion_correction_dataset/brain_masked_cropped_hfiltered_normalized_to_common_space/_subject_id_ICC105/_referencetype_standard/_run_001_session_1_task_name_videos/sub-ICC105_ses-1_task-videos_dir-AP_run-001_bold_mcf_corrected_flirt.nii.gz
ICC103,2,002,videos,274.65936279296875,151.02823715209962,107146,/lustre/disk/home/shared/cusacklab/foundcog/bids/derivatives/faizan_motion_correction_dataset/brain_masked_cropped_hfiltered_normalized_to_common_space/_subject_id_ICC103/_referencetype_standard/_run_002_session_2_task_name_videos/sub-ICC103_ses-2_task-videos_dir-AP_run-002_bold_mcf_corrected_flirt.nii.gz
ICC105A,1,001,videos,398.5722351074219,171.84246826171875,113172,/lustre/disk/home/shared/cusacklab/foundcog/bids/derivatives/faizan_motion_correction_dataset/brain_masked_cropped_hfiltered_normalized_to_common_space/_subject_id_ICC105A/_referencetype_standard/_run_001_session_1_task_name_videos/sub-ICC105A_ses-1_task-videos_dir-AP_run-001_bold_mcf_corrected_flirt.nii.gz
ICC105,2,001,videos,288.1645202636719,162.1668258666992,107146,/lustre/disk/home/shared/cusacklab/foundcog/bids/derivatives/faizan_motion_correction_dataset/brain_masked_cropped_hfiltered_normalized_to_common_space/_subject_id_ICC105/_referencetype_standard/_run_001_session_2_task_name_videos/sub-ICC105_ses-2_task-videos_dir-AP_run-001_bold_mcf_corrected_flirt.nii.gz
ICC103A,1,001,videos,346.85980224609375,151.07641830444334,113172,/lustre/disk/home/shared/cusacklab/foundcog/bids/derivatives/faizan_motion_correction_dataset/brain_masked_cropped_hfiltered_normalized_to_common_space/_subject_id_ICC103A/_referencetype_standard/_run_001_session_1_task_name_videos/sub-ICC103A_ses-1_task-videos_dir-AP_run-001_bold_mcf_corrected_flirt.nii.gz
ICC115,1,003,videos,239.3948974609375,126.09399108886717,107146,/lustre/disk/home/shared/cusacklab/foundcog/bids/derivatives/faizan_motion_correction_dataset/brain_masked_cropped_hfiltered_normalized_to_common_space/_subject_id_ICC115/_referencetype_standard/_run_003_session_1_task_name_videos/sub-ICC115_ses-1_task-videos_dir-AP_run-003_bold_mcf_corrected_flirt.nii.gz
ICC115,1,001,videos,235.66616821289062,123.32924423217773,107146,/lustre/disk/home/shared/cusacklab/foundcog/bids/derivatives/faizan_motion_correction_dataset/brain_masked_cropped_hfiltered_normalized_to_common_space/_subject_id_ICC115/_referencetype_standard/_run_001_session_1_task_name_videos/sub-ICC115_ses-1_task-videos_dir-AP_run-001_bold_mcf_corrected_flirt.nii.gz
ICC103A,1,001,rest10,348.4649658203125,166.5223861694335,113172,/lustre/disk/home/shared/cusacklab/foundcog/bids/derivatives/faizan_motion_correction_dataset/brain_masked_cropped_hfiltered_normalized_to_common_space/_subject_id_ICC103A/_referencetype_standard/_run_001_session_1_task_name_rest10/sub-ICC103A_ses-1_task-rest10_dir-AP_run-001_bold_mcf_corrected_flirt.nii.gz
ICC111A,1,002,videos,390.6421813964844,188.70562896728507,112792,/lustre/disk/home/shared/cusacklab/foundcog/bids/derivatives/faizan_motion_correction_dataset/brain_masked_cropped_hfiltered_normalized_to_common_space/_subject_id_ICC111A/_referencetype_standard/_run_002_session_1_task_name_videos/sub-ICC111A_ses-1_task-videos_dir-AP_run-002_bold_mcf_corrected_flirt.nii.gz
ICC107A,1,001,videos,348.96929931640625,153.0935119628906,113171,/lustre/disk/home/shared/cusacklab/foundcog/bids/derivatives/faizan_motion_correction_dataset/brain_masked_cropped_hfiltered_normalized_to_common_space/_subject_id_ICC107A/_referencetype_standard/_run_001_session_1_task_name_videos/sub-ICC107A_ses-1_task-videos_dir-AP_run-001_bold_mcf_corrected_flirt.nii.gz
ICC111,1,001,videos,285.89581298828125,168.66021728515625,107146,/lustre/disk/home/shared/cusacklab/foundcog/bids/derivatives/faizan_motion_correction_dataset/brain_masked_cropped_hfiltered_normalized_to_common_space/_subject_id_ICC111/_referencetype_standard/_run_001_session_1_task_name_videos/sub-ICC111_ses-1_task-videos_dir-AP_run-001_bold_mcf_corrected_flirt.nii.gz
ICC105,2,001,rest10,291.07684326171875,160.82807998657228,107146,/lustre/disk/home/shared/cusacklab/foundcog/bids/derivatives/faizan_motion_correction_dataset/brain_masked_cropped_hfiltered_normalized_to_common_space/_subject_id_ICC105/_referencetype_standard/_run_001_session_2_task_name_rest10/sub-ICC105_ses-2_task-rest10_dir-AP_run-001_bold_mcf_corrected_flirt.nii.gz
ICC111,1,003,videos,284.3185119628906,167.78501892089844,107146,/lustre/disk/home/shared/cusacklab/foundcog/bids/derivatives/faizan_motion_correction_dataset/brain_masked_cropped_hfiltered_normalized_to_common_space/_subject_id_ICC111/_referencetype_standard/_run_003_session_1_task_name_videos/sub-ICC111_ses-1_task-videos_dir-AP_run-003_bold_mcf_corrected_flirt.nii.gz
ICC113,1,001,videos,291.93450927734375,179.19235382080078,107146,/lustre/disk/home/shared/cusacklab/foundcog/bids/derivatives/faizan_motion_correction_dataset/brain_masked_cropped_hfiltered_normalized_to_common_space/_subject_id_ICC113/_referencetype_standard/_run_001_session_1_task_name_videos/sub-ICC113_ses-1_task-videos_dir-AP_run-001_bold_mcf_corrected_flirt.nii.gz
ICC111A,1,001,videos,391.98370361328125,175.49462890625,113172,/lustre/disk/home/shared/cusacklab/foundcog/bids/derivatives/faizan_motion_correction_dataset/brain_masked_cropped_hfiltered_normalized_to_common_space/_subject_id_ICC111A/_referencetype_standard/_run_001_session_1_task_name_videos/sub-ICC111A_ses-1_task-videos_dir-AP_run-001_bold_mcf_corrected_flirt.nii.gz
ICC113,2,001,videos,281.76885986328125,180.041259765625,107146,/lustre/disk/home/shared/cusacklab/foundcog/bids/derivatives/faizan_motion_correction_dataset/brain_masked_cropped_hfiltered_normalized_to_common_space/_subject_id_ICC113/_referencetype_standard/_run_001_session_2_task_name_videos/sub-ICC113_ses-2_task-videos_dir-AP_run-001_bold_mcf_corrected_flirt.nii.gz
ICC113A,1,001,videos,413.0606689453125,188.4097610473633,113172,/lustre/disk/home/shared/cusacklab/foundcog/bids/derivatives/faizan_motion_correction_dataset/brain_masked_cropped_hfiltered_normalized_to_common_space/_subject_id_ICC113A/_referencetype_standard/_run_001_session_1_task_name_videos/sub-ICC113A_ses-1_task-videos_dir-AP_run-001_bold_mcf_corrected_flirt.nii.gz
ICC113A,1,002,videos,412.2544860839844,174.04000854492188,113172,/lustre/disk/home/shared/cusacklab/foundcog/bids/derivatives/faizan_motion_correction_dataset/brain_masked_cropped_hfiltered_normalized_to_common_space/_subject_id_ICC113A/_referencetype_standard/_run_002_session_1_task_name_videos/sub-ICC113A_ses-1_task-videos_dir-AP_run-002_bold_mcf_corrected_flirt.nii.gz
ICC113,1,002,videos,291.4963684082031,181.5646209716797,107146,/lustre/disk/home/shared/cusacklab/foundcog/bids/derivatives/faizan_motion_correction_dataset/brain_masked_cropped_hfiltered_normalized_to_common_space/_subject_id_ICC113/_referencetype_standard/_run_002_session_1_task_name_videos/sub-ICC113_ses-1_task-videos_dir-AP_run-002_bold_mcf_corrected_flirt.nii.gz
ICC115,1,002,videos,237.03256225585938,131.04623718261718,107146,/lustre/disk/home/shared/cusacklab/foundcog/bids/derivatives/faizan_motion_correction_dataset/brain_masked_cropped_hfiltered_normalized_to_common_space/_subject_id_ICC115/_referencetype_standard/_run_002_session_1_task_name_videos/sub-ICC115_ses-1_task-videos_dir-AP_run-002_bold_mcf_corrected_flirt.nii.gz
ICC117,1,001,videos,331.73236083984375,210.15419845581056,107146,/lustre/disk/home/shared/cusacklab/foundcog/bids/derivatives/faizan_motion_correction_dataset/brain_masked_cropped_hfiltered_normalized_to_common_space/_subject_id_ICC117/_referencetype_standard/_run_001_session_1_task_name_videos/sub-ICC117_ses-1_task-videos_dir-AP_run-001_bold_mcf_corrected_flirt.nii.gz
ICC123,1,001,videos,246.25320434570312,137.27105026245118,107146,/lustre/disk/home/shared/cusacklab/foundcog/bids/derivatives/faizan_motion_correction_dataset/brain_masked_cropped_hfiltered_normalized_to_common_space/_subject_id_ICC123/_referencetype_standard/_run_001_session_1_task_name_videos/sub-ICC123_ses-1_task-videos_dir-AP_run-001_bold_mcf_corrected_flirt.nii.gz
ICC117,1,002,videos,328.7314758300781,215.89184036254875,107146,/lustre/disk/home/shared/cusacklab/foundcog/bids/derivatives/faizan_motion_correction_dataset/brain_masked_cropped_hfiltered_normalized_to_common_space/_subject_id_ICC117/_referencetype_standard/_run_002_session_1_task_name_videos/sub-ICC117_ses-1_task-videos_dir-AP_run-002_bold_mcf_corrected_flirt.nii.gz
ICC127,1,002,videos,282.49102783203125,164.75799560546875,107146,/lustre/disk/home/shared/cusacklab/foundcog/bids/derivatives/faizan_motion_correction_dataset/brain_masked_cropped_hfiltered_normalized_to_common_space/_subject_id_ICC127/_referencetype_standard/_run_002_session_1_task_name_videos/sub-ICC127_ses-1_task-videos_dir-AP_run-002_bold_mcf_corrected_flirt.nii.gz
ICC125,1,001,videos,283.1522521972656,177.9631141662597,107146,/lustre/disk/home/shared/cusacklab/foundcog/bids/derivatives/faizan_motion_correction_dataset/brain_masked_cropped_hfiltered_normalized_to_common_space/_subject_id_ICC125/_referencetype_standard/_run_001_session_1_task_name_videos/sub-ICC125_ses-1_task-videos_dir-AP_run-001_bold_mcf_corrected_flirt.nii.gz
ICC123,1,002,videos,247.1121063232422,136.7303550720215,107146,/lustre/disk/home/shared/cusacklab/foundcog/bids/derivatives/faizan_motion_correction_dataset/brain_masked_cropped_hfiltered_normalized_to_common_space/_subject_id_ICC123/_referencetype_standard/_run_002_session_1_task_name_videos/sub-ICC123_ses-1_task-videos_dir-AP_run-002_bold_mcf_corrected_flirt.nii.gz
ICC125,2,001,videos,271.2725524902344,158.6974639892578,107146,/lustre/disk/home/shared/cusacklab/foundcog/bids/derivatives/faizan_motion_correction_dataset/brain_masked_cropped_hfiltered_normalized_to_common_space/_subject_id_ICC125/_referencetype_standard/_run_001_session_2_task_name_videos/sub-ICC125_ses-2_task-videos_dir-AP_run-001_bold_mcf_corrected_flirt.nii.gz
ICC107,1,001,rest10,277.26263427734375,157.10536499023428,107145,/lustre/disk/home/shared/cusacklab/foundcog/bids/derivatives/faizan_motion_correction_dataset/brain_masked_cropped_hfiltered_normalized_to_common_space/_subject_id_ICC107/_referencetype_standard/_run_001_session_1_task_name_rest10/sub-ICC107_ses-1_task-rest10_dir-AP_run-001_bold_mcf_corrected_flirt.nii.gz
ICC111,1,001,rest10,287.394775390625,171.73546066284172,107146,/lustre/disk/home/shared/cusacklab/foundcog/bids/derivatives/faizan_motion_correction_dataset/brain_masked_cropped_hfiltered_normalized_to_common_space/_subject_id_ICC111/_referencetype_standard/_run_001_session_1_task_name_rest10/sub-ICC111_ses-1_task-rest10_dir-AP_run-001_bold_mcf_corrected_flirt.nii.gz
ICC125,1,002,videos,283.2198181152344,181.26315307617188,107146,/lustre/disk/home/shared/cusacklab/foundcog/bids/derivatives/faizan_motion_correction_dataset/brain_masked_cropped_hfiltered_normalized_to_common_space/_subject_id_ICC125/_referencetype_standard/_run_002_session_1_task_name_videos/sub-ICC125_ses-1_task-videos_dir-AP_run-002_bold_mcf_corrected_flirt.nii.gz
ICC107A,1,001,rest10,352.87554931640625,146.13571166992188,113172,/lustre/disk/home/shared/cusacklab/foundcog/bids/derivatives/faizan_motion_correction_dataset/brain_masked_cropped_hfiltered_normalized_to_common_space/_subject_id_ICC107A/_referencetype_standard/_run_001_session_1_task_name_rest10/sub-ICC107A_ses-1_task-rest10_dir-AP_run-001_bold_mcf_corrected_flirt.nii.gz
ICC105A,1,002,rest10,401.03472900390625,144.66675109863274,113024,/lustre/disk/home/shared/cusacklab/foundcog/bids/derivatives/faizan_motion_correction_dataset/brain_masked_cropped_hfiltered_normalized_to_common_space/_subject_id_ICC105A/_referencetype_standard/_run_002_session_1_task_name_rest10/sub-ICC105A_ses-1_task-rest10_dir-AP_run-002_bold_mcf_corrected_flirt.nii.gz
ICC127,2,001,videos,266.02069091796875,147.16207885742188,107146,/lustre/disk/home/shared/cusacklab/foundcog/bids/derivatives/faizan_motion_correction_dataset/brain_masked_cropped_hfiltered_normalized_to_common_space/_subject_id_ICC127/_referencetype_standard/_run_001_session_2_task_name_videos/sub-ICC127_ses-2_task-videos_dir-AP_run-001_bold_mcf_corrected_flirt.nii.gz
ICC127,1,001,videos,277.3072509765625,160.9954917907715,107146,/lustre/disk/home/shared/cusacklab/foundcog/bids/derivatives/faizan_motion_correction_dataset/brain_masked_cropped_hfiltered_normalized_to_common_space/_subject_id_ICC127/_referencetype_standard/_run_001_session_1_task_name_videos/sub-ICC127_ses-1_task-videos_dir-AP_run-001_bold_mcf_corrected_flirt.nii.gz
ICC131,2,001,videos,306.4518127441406,179.33292465209962,107146,/lustre/disk/home/shared/cusacklab/foundcog/bids/derivatives/faizan_motion_correction_dataset/brain_masked_cropped_hfiltered_normalized_to_common_space/_subject_id_ICC131/_referencetype_standard/_run_001_session_2_task_name_videos/sub-ICC131_ses-2_task-videos_dir-AP_run-001_bold_mcf_corrected_flirt.nii.gz
ICC127,2,002,videos,263.49432373046875,141.6044464111328,107146,/lustre/disk/home/shared/cusacklab/foundcog/bids/derivatives/faizan_motion_correction_dataset/brain_masked_cropped_hfiltered_normalized_to_common_space/_subject_id_ICC127/_referencetype_standard/_run_002_session_2_task_name_videos/sub-ICC127_ses-2_task-videos_dir-AP_run-002_bold_mcf_corrected_flirt.nii.gz
ICC113,1,001,rest10,291.28521728515625,179.61929473876953,107146,/lustre/disk/home/shared/cusacklab/foundcog/bids/derivatives/faizan_motion_correction_dataset/brain_masked_cropped_hfiltered_normalized_to_common_space/_subject_id_ICC113/_referencetype_standard/_run_001_session_1_task_name_rest10/sub-ICC113_ses-1_task-rest10_dir-AP_run-001_bold_mcf_corrected_flirt.nii.gz
ICC133A,1,001,videos,411.9749450683594,161.29288024902337,112476,/lustre/disk/home/shared/cusacklab/foundcog/bids/derivatives/faizan_motion_correction_dataset/brain_masked_cropped_hfiltered_normalized_to_common_space/_subject_id_ICC133A/_referencetype_standard/_run_001_session_1_task_name_videos/sub-ICC133A_ses-1_task-videos_dir-AP_run-001_bold_mcf_corrected_flirt.nii.gz
ICC133,1,001,videos,278.6753234863281,152.15367965698243,107146,/lustre/disk/home/shared/cusacklab/foundcog/bids/derivatives/faizan_motion_correction_dataset/brain_masked_cropped_hfiltered_normalized_to_common_space/_subject_id_ICC133/_referencetype_standard/_run_001_session_1_task_name_videos/sub-ICC133_ses-1_task-videos_dir-AP_run-001_bold_mcf_corrected_flirt.nii.gz
ICC127A,1,001,videos,407.2261657714844,191.02752685546875,111522,/lustre/disk/home/shared/cusacklab/foundcog/bids/derivatives/faizan_motion_correction_dataset/brain_masked_cropped_hfiltered_normalized_to_common_space/_subject_id_ICC127A/_referencetype_standard/_run_001_session_1_task_name_videos/sub-ICC127A_ses-1_task-videos_dir-AP_run-001_bold_mcf_corrected_flirt.nii.gz
ICC131,1,001,videos,312.1560974121094,145.9967819213867,107146,/lustre/disk/home/shared/cusacklab/foundcog/bids/derivatives/faizan_motion_correction_dataset/brain_masked_cropped_hfiltered_normalized_to_common_space/_subject_id_ICC131/_referencetype_standard/_run_001_session_1_task_name_videos/sub-ICC131_ses-1_task-videos_dir-AP_run-001_bold_mcf_corrected_flirt.nii.gz
ICC131,1,002,videos,311.294189453125,161.24987106323243,107146,/lustre/disk/home/shared/cusacklab/foundcog/bids/derivatives/faizan_motion_correction_dataset/brain_masked_cropped_hfiltered_normalized_to_common_space/_subject_id_ICC131/_referencetype_standard/_run_002_session_1_task_name_videos/sub-ICC131_ses-1_task-videos_dir-AP_run-002_bold_mcf_corrected_flirt.nii.gz
ICC115,1,001,rest10,242.62327575683594,121.7122802734375,107146,/lustre/disk/home/shared/cusacklab/foundcog/bids/derivatives/faizan_motion_correction_dataset/brain_masked_cropped_hfiltered_normalized_to_common_space/_subject_id_ICC115/_referencetype_standard/_run_001_session_1_task_name_rest10/sub-ICC115_ses-1_task-rest10_dir-AP_run-001_bold_mcf_corrected_flirt.nii.gz
ICC133,1,002,videos,281.0202331542969,155.54454040527344,107146,/lustre/disk/home/shared/cusacklab/foundcog/bids/derivatives/faizan_motion_correction_dataset/brain_masked_cropped_hfiltered_normalized_to_common_space/_subject_id_ICC133/_referencetype_standard/_run_002_session_1_task_name_videos/sub-ICC133_ses-1_task-videos_dir-AP_run-002_bold_mcf_corrected_flirt.nii.gz
ICC117,1,001,rest10,327.26416015625,212.1790771484375,107146,/lustre/disk/home/shared/cusacklab/foundcog/bids/derivatives/faizan_motion_correction_dataset/brain_masked_cropped_hfiltered_normalized_to_common_space/_subject_id_ICC117/_referencetype_standard/_run_001_session_1_task_name_rest10/sub-ICC117_ses-1_task-rest10_dir-AP_run-001_bold_mcf_corrected_flirt.nii.gz
ICC125,2,001,rest10,269.7565612792969,163.53738403320312,107146,/lustre/disk/home/shared/cusacklab/foundcog/bids/derivatives/faizan_motion_correction_dataset/brain_masked_cropped_hfiltered_normalized_to_common_space/_subject_id_ICC125/_referencetype_standard/_run_001_session_2_task_name_rest10/sub-ICC125_ses-2_task-rest10_dir-AP_run-001_bold_mcf_corrected_flirt.nii.gz
ICC133A,1,002,videos,411.7738952636719,156.62046203613272,113051,/lustre/disk/home/shared/cusacklab/foundcog/bids/derivatives/faizan_motion_correction_dataset/brain_masked_cropped_hfiltered_normalized_to_common_space/_subject_id_ICC133A/_referencetype_standard/_run_002_session_1_task_name_videos/sub-ICC133A_ses-1_task-videos_dir-AP_run-002_bold_mcf_corrected_flirt.nii.gz
ICC145A,1,001,videos,410.7381286621094,179.2434432983398,113172,/lustre/disk/home/shared/cusacklab/foundcog/bids/derivatives/faizan_motion_correction_dataset/brain_masked_cropped_hfiltered_normalized_to_common_space/_subject_id_ICC145A/_referencetype_standard/_run_001_session_1_task_name_videos/sub-ICC145A_ses-1_task-videos_dir-AP_run-001_bold_mcf_corrected_flirt.nii.gz
ICC135,1,001,videos,275.345703125,156.53842163085938,107146,/lustre/disk/home/shared/cusacklab/foundcog/bids/derivatives/faizan_motion_correction_dataset/brain_masked_cropped_hfiltered_normalized_to_common_space/_subject_id_ICC135/_referencetype_standard/_run_001_session_1_task_name_videos/sub-ICC135_ses-1_task-videos_dir-AP_run-001_bold_mcf_corrected_flirt.nii.gz
ICC139,1,001,videos,444.968994140625,227.94021911621076,107146,/lustre/disk/home/shared/cusacklab/foundcog/bids/derivatives/faizan_motion_correction_dataset/brain_masked_cropped_hfiltered_normalized_to_common_space/_subject_id_ICC139/_referencetype_standard/_run_001_session_1_task_name_videos/sub-ICC139_ses-1_task-videos_dir-AP_run-001_bold_mcf_corrected_flirt.nii.gz
ICC139,1,002,videos,439.6077880859375,247.60867309570312,107146,/lustre/disk/home/shared/cusacklab/foundcog/bids/derivatives/faizan_motion_correction_dataset/brain_masked_cropped_hfiltered_normalized_to_common_space/_subject_id_ICC139/_referencetype_standard/_run_002_session_1_task_name_videos/sub-ICC139_ses-1_task-videos_dir-AP_run-002_bold_mcf_corrected_flirt.nii.gz
ICC139,2,001,videos,279.56097412109375,169.82649536132803,107146,/lustre/disk/home/shared/cusacklab/foundcog/bids/derivatives/faizan_motion_correction_dataset/brain_masked_cropped_hfiltered_normalized_to_common_space/_subject_id_ICC139/_referencetype_standard/_run_001_session_2_task_name_videos/sub-ICC139_ses-2_task-videos_dir-AP_run-001_bold_mcf_corrected_flirt.nii.gz
ICC123,2,001,rest10,276.7210388183594,163.95674209594728,107146,/lustre/disk/home/shared/cusacklab/foundcog/bids/derivatives/faizan_motion_correction_dataset/brain_masked_cropped_hfiltered_normalized_to_common_space/_subject_id_ICC123/_referencetype_standard/_run_001_session_2_task_name_rest10/sub-ICC123_ses-2_task-rest10_dir-AP_run-001_bold_mcf_corrected_flirt.nii.gz
ICC139A,1,001,videos,378.12762451171875,159.60003814697268,113172,/lustre/disk/home/shared/cusacklab/foundcog/bids/derivatives/faizan_motion_correction_dataset/brain_masked_cropped_hfiltered_normalized_to_common_space/_subject_id_ICC139A/_referencetype_standard/_run_001_session_1_task_name_videos/sub-ICC139A_ses-1_task-videos_dir-AP_run-001_bold_mcf_corrected_flirt.nii.gz
ICC139A,1,002,videos,379.1361389160156,163.04123535156248,113172,/lustre/disk/home/shared/cusacklab/foundcog/bids/derivatives/faizan_motion_correction_dataset/brain_masked_cropped_hfiltered_normalized_to_common_space/_subject_id_ICC139A/_referencetype_standard/_run_002_session_1_task_name_videos/sub-ICC139A_ses-1_task-videos_dir-AP_run-002_bold_mcf_corrected_flirt.nii.gz
ICC141,1,001,videos,267.0766906738281,169.74191589355468,107146,/lustre/disk/home/shared/cusacklab/foundcog/bids/derivatives/faizan_motion_correction_dataset/brain_masked_cropped_hfiltered_normalized_to_common_space/_subject_id_ICC141/_referencetype_standard/_run_001_session_1_task_name_videos/sub-ICC141_ses-1_task-videos_dir-AP_run-001_bold_mcf_corrected_flirt.nii.gz
ICC127,1,001,rest10,282.2115783691406,174.8918312072754,107146,/lustre/disk/home/shared/cusacklab/foundcog/bids/derivatives/faizan_motion_correction_dataset/brain_masked_cropped_hfiltered_normalized_to_common_space/_subject_id_ICC127/_referencetype_standard/_run_001_session_1_task_name_rest10/sub-ICC127_ses-1_task-rest10_dir-AP_run-001_bold_mcf_corrected_flirt.nii.gz
ICC145,2,001,videos,270.15869140625,171.1558074951172,107146,/lustre/disk/home/shared/cusacklab/foundcog/bids/derivatives/faizan_motion_correction_dataset/brain_masked_cropped_hfiltered_normalized_to_common_space/_subject_id_ICC145/_referencetype_standard/_run_001_session_2_task_name_videos/sub-ICC145_ses-2_task-videos_dir-AP_run-001_bold_mcf_corrected_flirt.nii.gz
ICC141,1,002,videos,265.0954895019531,157.5187530517578,107146,/lustre/disk/home/shared/cusacklab/foundcog/bids/derivatives/faizan_motion_correction_dataset/brain_masked_cropped_hfiltered_normalized_to_common_space/_subject_id_ICC141/_referencetype_standard/_run_002_session_1_task_name_videos/sub-ICC141_ses-1_task-videos_dir-AP_run-002_bold_mcf_corrected_flirt.nii.gz
ICC127A,1,001,rest10,429.8805847167969,196.93912048339837,112458,/lustre/disk/home/shared/cusacklab/foundcog/bids/derivatives/faizan_motion_correction_dataset/brain_masked_cropped_hfiltered_normalized_to_common_space/_subject_id_ICC127A/_referencetype_standard/_run_001_session_1_task_name_rest10/sub-ICC127A_ses-1_task-rest10_dir-AP_run-001_bold_mcf_corrected_flirt.nii.gz
ICC145,1,002,videos,291.22686767578125,194.1856788635253,107146,/lustre/disk/home/shared/cusacklab/foundcog/bids/derivatives/faizan_motion_correction_dataset/brain_masked_cropped_hfiltered_normalized_to_common_space/_subject_id_ICC145/_referencetype_standard/_run_002_session_1_task_name_videos/sub-ICC145_ses-1_task-videos_dir-AP_run-002_bold_mcf_corrected_flirt.nii.gz
ICC147,1,001,videos,280.895263671875,158.22418518066405,107146,/lustre/disk/home/shared/cusacklab/foundcog/bids/derivatives/faizan_motion_correction_dataset/brain_masked_cropped_hfiltered_normalized_to_common_space/_subject_id_ICC147/_referencetype_standard/_run_001_session_1_task_name_videos/sub-ICC147_ses-1_task-videos_dir-AP_run-001_bold_mcf_corrected_flirt.nii.gz
ICC133,1,001,rest10,280.1500549316406,151.61210708618165,107146,/lustre/disk/home/shared/cusacklab/foundcog/bids/derivatives/faizan_motion_correction_dataset/brain_masked_cropped_hfiltered_normalized_to_common_space/_subject_id_ICC133/_referencetype_standard/_run_001_session_1_task_name_rest10/sub-ICC133_ses-1_task-rest10_dir-AP_run-001_bold_mcf_corrected_flirt.nii.gz
ICC145A,1,002,videos,405.8835144042969,175.2799072265625,113172,/lustre/disk/home/shared/cusacklab/foundcog/bids/derivatives/faizan_motion_correction_dataset/brain_masked_cropped_hfiltered_normalized_to_common_space/_subject_id_ICC145A/_referencetype_standard/_run_002_session_1_task_name_videos/sub-ICC145A_ses-1_task-videos_dir-AP_run-002_bold_mcf_corrected_flirt.nii.gz
ICC147,1,002,videos,281.7010192871094,159.22134552001944,107146,/lustre/disk/home/shared/cusacklab/foundcog/bids/derivatives/faizan_motion_correction_dataset/brain_masked_cropped_hfiltered_normalized_to_common_space/_subject_id_ICC147/_referencetype_standard/_run_002_session_1_task_name_videos/sub-ICC147_ses-1_task-videos_dir-AP_run-002_bold_mcf_corrected_flirt.nii.gz
ICC147,2,001,videos,286.2035217285156,158.32614135742188,107146,/lustre/disk/home/shared/cusacklab/foundcog/bids/derivatives/faizan_motion_correction_dataset/brain_masked_cropped_hfiltered_normalized_to_common_space/_subject_id_ICC147/_referencetype_standard/_run_001_session_2_task_name_videos/sub-ICC147_ses-2_task-videos_dir-AP_run-001_bold_mcf_corrected_flirt.nii.gz
ICC133A,1,001,rest10,411.13134765625,154.97344970703125,112686,/lustre/disk/home/shared/cusacklab/foundcog/bids/derivatives/faizan_motion_correction_dataset/brain_masked_cropped_hfiltered_normalized_to_common_space/_subject_id_ICC133A/_referencetype_standard/_run_001_session_1_task_name_rest10/sub-ICC133A_ses-1_task-rest10_dir-AP_run-001_bold_mcf_corrected_flirt.nii.gz
ICC135,1,001,rest10,277.4462890625,147.09046936035156,107146,/lustre/disk/home/shared/cusacklab/foundcog/bids/derivatives/faizan_motion_correction_dataset/brain_masked_cropped_hfiltered_normalized_to_common_space/_subject_id_ICC135/_referencetype_standard/_run_001_session_1_task_name_rest10/sub-ICC135_ses-1_task-rest10_dir-AP_run-001_bold_mcf_corrected_flirt.nii.gz
ICC149,1,002,videos,257.8158874511719,157.84427337646474,107146,/lustre/disk/home/shared/cusacklab/foundcog/bids/derivatives/faizan_motion_correction_dataset/brain_masked_cropped_hfiltered_normalized_to_common_space/_subject_id_ICC149/_referencetype_standard/_run_002_session_1_task_name_videos/sub-ICC149_ses-1_task-videos_dir-AP_run-002_bold_mcf_corrected_flirt.nii.gz
ICC149,1,001,videos,252.47604370117188,147.27640609741212,107146,/lustre/disk/home/shared/cusacklab/foundcog/bids/derivatives/faizan_motion_correction_dataset/brain_masked_cropped_hfiltered_normalized_to_common_space/_subject_id_ICC149/_referencetype_standard/_run_001_session_1_task_name_videos/sub-ICC149_ses-1_task-videos_dir-AP_run-001_bold_mcf_corrected_flirt.nii.gz
ICC159,1,001,videos,363.21356201171875,229.65469665527348,107146,/lustre/disk/home/shared/cusacklab/foundcog/bids/derivatives/faizan_motion_correction_dataset/brain_masked_cropped_hfiltered_normalized_to_common_space/_subject_id_ICC159/_referencetype_standard/_run_001_session_1_task_name_videos/sub-ICC159_ses-1_task-videos_dir-AP_run-001_bold_mcf_corrected_flirt.nii.gz
ICC151,1,001,videos,263.5511169433594,158.814705657959,107146,/lustre/disk/home/shared/cusacklab/foundcog/bids/derivatives/faizan_motion_correction_dataset/brain_masked_cropped_hfiltered_normalized_to_common_space/_subject_id_ICC151/_referencetype_standard/_run_001_session_1_task_name_videos/sub-ICC151_ses-1_task-videos_dir-AP_run-001_bold_mcf_corrected_flirt.nii.gz
ICC159,2,001,videos,304.40692138671875,170.55786743164052,107146,/lustre/disk/home/shared/cusacklab/foundcog/bids/derivatives/faizan_motion_correction_dataset/brain_masked_cropped_hfiltered_normalized_to_common_space/_subject_id_ICC159/_referencetype_standard/_run_001_session_2_task_name_videos/sub-ICC159_ses-2_task-videos_dir-AP_run-001_bold_mcf_corrected_flirt.nii.gz
ICC155A,1,002,videos,395.99041748046875,208.8875595092773,113172,/lustre/disk/home/shared/cusacklab/foundcog/bids/derivatives/faizan_motion_correction_dataset/brain_masked_cropped_hfiltered_normalized_to_common_space/_subject_id_ICC155A/_referencetype_standard/_run_002_session_1_task_name_videos/sub-ICC155A_ses-1_task-videos_dir-AP_run-002_bold_mcf_corrected_flirt.nii.gz
ICC153,1,001,videos,296.3831787109375,166.65452575683594,107146,/lustre/disk/home/shared/cusacklab/foundcog/bids/derivatives/faizan_motion_correction_dataset/brain_masked_cropped_hfiltered_normalized_to_common_space/_subject_id_ICC153/_referencetype_standard/_run_001_session_1_task_name_videos/sub-ICC153_ses-1_task-videos_dir-AP_run-001_bold_mcf_corrected_flirt.nii.gz
ICC141,1,001,rest10,266.49468994140625,166.01573181152344,107146,/lustre/disk/home/shared/cusacklab/foundcog/bids/derivatives/faizan_motion_correction_dataset/brain_masked_cropped_hfiltered_normalized_to_common_space/_subject_id_ICC141/_referencetype_standard/_run_001_session_1_task_name_rest10/sub-ICC141_ses-1_task-rest10_dir-AP_run-001_bold_mcf_corrected_flirt.nii.gz
ICC153,1,002,videos,298.8348083496094,199.73378829956056,107146,/lustre/disk/home/shared/cusacklab/foundcog/bids/derivatives/faizan_motion_correction_dataset/brain_masked_cropped_hfiltered_normalized_to_common_space/_subject_id_ICC153/_referencetype_standard/_run_002_session_1_task_name_videos/sub-ICC153_ses-1_task-videos_dir-AP_run-002_bold_mcf_corrected_flirt.nii.gz
ICC139,1,001,rest10,442.11175537109375,228.74853515625,107128,/lustre/disk/home/shared/cusacklab/foundcog/bids/derivatives/faizan_motion_correction_dataset/brain_masked_cropped_hfiltered_normalized_to_common_space/_subject_id_ICC139/_referencetype_standard/_run_001_session_1_task_name_rest10/sub-ICC139_ses-1_task-rest10_dir-AP_run-001_bold_mcf_corrected_flirt.nii.gz
ICC153,2,001,videos,290.948486328125,197.46854476928712,107146,/lustre/disk/home/shared/cusacklab/foundcog/bids/derivatives/faizan_motion_correction_dataset/brain_masked_cropped_hfiltered_normalized_to_common_space/_subject_id_ICC153/_referencetype_standard/_run_001_session_2_task_name_videos/sub-ICC153_ses-2_task-videos_dir-AP_run-001_bold_mcf_corrected_flirt.nii.gz
ICC155,1,002,videos,303.8594665527344,178.48736648559574,107146,/lustre/disk/home/shared/cusacklab/foundcog/bids/derivatives/faizan_motion_correction_dataset/brain_masked_cropped_hfiltered_normalized_to_common_space/_subject_id_ICC155/_referencetype_standard/_run_002_session_1_task_name_videos/sub-ICC155_ses-1_task-videos_dir-AP_run-002_bold_mcf_corrected_flirt.nii.gz
ICC155,1,001,videos,301.7884826660156,176.3878257751465,107146,/lustre/disk/home/shared/cusacklab/foundcog/bids/derivatives/faizan_motion_correction_dataset/brain_masked_cropped_hfiltered_normalized_to_common_space/_subject_id_ICC155/_referencetype_standard/_run_001_session_1_task_name_videos/sub-ICC155_ses-1_task-videos_dir-AP_run-001_bold_mcf_corrected_flirt.nii.gz
ICC155,2,001,videos,287.72900390625,147.4411415100097,107146,/lustre/disk/home/shared/cusacklab/foundcog/bids/derivatives/faizan_motion_correction_dataset/brain_masked_cropped_hfiltered_normalized_to_common_space/_subject_id_ICC155/_referencetype_standard/_run_001_session_2_task_name_videos/sub-ICC155_ses-2_task-videos_dir-AP_run-001_bold_mcf_corrected_flirt.nii.gz
ICC157,2,001,videos,272.96466064453125,158.71363983154296,107146,/lustre/disk/home/shared/cusacklab/foundcog/bids/derivatives/faizan_motion_correction_dataset/brain_masked_cropped_hfiltered_normalized_to_common_space/_subject_id_ICC157/_referencetype_standard/_run_001_session_2_task_name_videos/sub-ICC157_ses-2_task-videos_dir-AP_run-001_bold_mcf_corrected_flirt.nii.gz
ICC165,2,002,videos,314.32623291015625,192.6947395324707,107146,/lustre/disk/home/shared/cusacklab/foundcog/bids/derivatives/faizan_motion_correction_dataset/brain_masked_cropped_hfiltered_normalized_to_common_space/_subject_id_ICC165/_referencetype_standard/_run_002_session_2_task_name_videos/sub-ICC165_ses-2_task-videos_dir-AP_run-002_bold_mcf_corrected_flirt.nii.gz
ICC155A,1,001,videos,361.829345703125,148.8941360473633,113172,/lustre/disk/home/shared/cusacklab/foundcog/bids/derivatives/faizan_motion_correction_dataset/brain_masked_cropped_hfiltered_normalized_to_common_space/_subject_id_ICC155A/_referencetype_standard/_run_001_session_1_task_name_videos/sub-ICC155A_ses-1_task-videos_dir-AP_run-001_bold_mcf_corrected_flirt.nii.gz
ICC157,1,001,videos,284.8722229003906,167.6326446533203,107146,/lustre/disk/home/shared/cusacklab/foundcog/bids/derivatives/faizan_motion_correction_dataset/brain_masked_cropped_hfiltered_normalized_to_common_space/_subject_id_ICC157/_referencetype_standard/_run_001_session_1_task_name_videos/sub-ICC157_ses-1_task-videos_dir-AP_run-001_bold_mcf_corrected_flirt.nii.gz
ICC161,1,001,videos,241.29823303222656,138.676522064209,107146,/lustre/disk/home/shared/cusacklab/foundcog/bids/derivatives/faizan_motion_correction_dataset/brain_masked_cropped_hfiltered_normalized_to_common_space/_subject_id_ICC161/_referencetype_standard/_run_001_session_1_task_name_videos/sub-ICC161_ses-1_task-videos_dir-AP_run-001_bold_mcf_corrected_flirt.nii.gz
ICC145,1,001,rest10,292.25543212890625,196.14030532836915,107146,/lustre/disk/home/shared/cusacklab/foundcog/bids/derivatives/faizan_motion_correction_dataset/brain_masked_cropped_hfiltered_normalized_to_common_space/_subject_id_ICC145/_referencetype_standard/_run_001_session_1_task_name_rest10/sub-ICC145_ses-1_task-rest10_dir-AP_run-001_bold_mcf_corrected_flirt.nii.gz
ICC161,1,002,videos,241.61370849609375,120.89308319091788,107146,/lustre/disk/home/shared/cusacklab/foundcog/bids/derivatives/faizan_motion_correction_dataset/brain_masked_cropped_hfiltered_normalized_to_common_space/_subject_id_ICC161/_referencetype_standard/_run_002_session_1_task_name_videos/sub-ICC161_ses-1_task-videos_dir-AP_run-002_bold_mcf_corrected_flirt.nii.gz
ICC159,1,002,videos,421.4192810058594,221.15965423583987,107146,/lustre/disk/home/shared/cusacklab/foundcog/bids/derivatives/faizan_motion_correction_dataset/brain_masked_cropped_hfiltered_normalized_to_common_space/_subject_id_ICC159/_referencetype_standard/_run_002_session_1_task_name_videos/sub-ICC159_ses-1_task-videos_dir-AP_run-002_bold_mcf_corrected_flirt.nii.gz
ICC163,1,002,videos,247.74432373046875,148.493904876709,107146,/lustre/disk/home/shared/cusacklab/foundcog/bids/derivatives/faizan_motion_correction_dataset/brain_masked_cropped_hfiltered_normalized_to_common_space/_subject_id_ICC163/_referencetype_standard/_run_002_session_1_task_name_videos/sub-ICC163_ses-1_task-videos_dir-AP_run-002_bold_mcf_corrected_flirt.nii.gz
ICC147,1,001,rest10,280.23040771484375,160.92943038940422,107146,/lustre/disk/home/shared/cusacklab/foundcog/bids/derivatives/faizan_motion_correction_dataset/brain_masked_cropped_hfiltered_normalized_to_common_space/_subject_id_ICC147/_referencetype_standard/_run_001_session_1_task_name_rest10/sub-ICC147_ses-1_task-rest10_dir-AP_run-001_bold_mcf_corrected_flirt.nii.gz
ICC163,1,001,videos,246.4857177734375,153.374843597412,107146,/lustre/disk/home/shared/cusacklab/foundcog/bids/derivatives/faizan_motion_correction_dataset/brain_masked_cropped_hfiltered_normalized_to_common_space/_subject_id_ICC163/_referencetype_standard/_run_001_session_1_task_name_videos/sub-ICC163_ses-1_task-videos_dir-AP_run-001_bold_mcf_corrected_flirt.nii.gz
ICC149,1,001,rest10,257.4486999511719,157.6586151123047,107146,/lustre/disk/home/shared/cusacklab/foundcog/bids/derivatives/faizan_motion_correction_dataset/brain_masked_cropped_hfiltered_normalized_to_common_space/_subject_id_ICC149/_referencetype_standard/_run_001_session_1_task_name_rest10/sub-ICC149_ses-1_task-rest10_dir-AP_run-001_bold_mcf_corrected_flirt.nii.gz
ICC169,2,001,videos,290.55401611328125,175.70419692993164,107146,/lustre/disk/home/shared/cusacklab/foundcog/bids/derivatives/faizan_motion_correction_dataset/brain_masked_cropped_hfiltered_normalized_to_common_space/_subject_id_ICC169/_referencetype_standard/_run_001_session_2_task_name_videos/sub-ICC169_ses-2_task-videos_dir-AP_run-001_bold_mcf_corrected_flirt.nii.gz
ICC165,2,001,videos,316.4376525878906,189.01308517456056,107146,/lustre/disk/home/shared/cusacklab/foundcog/bids/derivatives/faizan_motion_correction_dataset/brain_masked_cropped_hfiltered_normalized_to_common_space/_subject_id_ICC165/_referencetype_standard/_run_001_session_2_task_name_videos/sub-ICC165_ses-2_task-videos_dir-AP_run-001_bold_mcf_corrected_flirt.nii.gz
ICC165,1,001,videos,302.6235656738281,184.477587890625,107146,/lustre/disk/home/shared/cusacklab/foundcog/bids/derivatives/faizan_motion_correction_dataset/brain_masked_cropped_hfiltered_normalized_to_common_space/_subject_id_ICC165/_referencetype_standard/_run_001_session_1_task_name_videos/sub-ICC165_ses-1_task-videos_dir-AP_run-001_bold_mcf_corrected_flirt.nii.gz
ICC177,2,001,rest10,264.34320068359375,179.62887420654283,107146,/lustre/disk/home/shared/cusacklab/foundcog/bids/derivatives/faizan_motion_correction_dataset/brain_masked_cropped_hfiltered_normalized_to_common_space/_subject_id_ICC177/_referencetype_standard/_run_001_session_2_task_name_rest10/sub-ICC177_ses-2_task-rest10_dir-AP_run-001_bold_mcf_corrected_flirt.nii.gz
ICC153,2,001,rest10,292.356689453125,200.62734985351562,107146,/lustre/disk/home/shared/cusacklab/foundcog/bids/derivatives/faizan_motion_correction_dataset/brain_masked_cropped_hfiltered_normalized_to_common_space/_subject_id_ICC153/_referencetype_standard/_run_001_session_2_task_name_rest10/sub-ICC153_ses-2_task-rest10_dir-AP_run-001_bold_mcf_corrected_flirt.nii.gz
ICC167,1,001,videos,340.2309875488281,169.02495117187482,107146,/lustre/disk/home/shared/cusacklab/foundcog/bids/derivatives/faizan_motion_correction_dataset/brain_masked_cropped_hfiltered_normalized_to_common_space/_subject_id_ICC167/_referencetype_standard/_run_001_session_1_task_name_videos/sub-ICC167_ses-1_task-videos_dir-AP_run-001_bold_mcf_corrected_flirt.nii.gz
ICC167,2,001,videos,343.3550109863281,194.6034019470215,107146,/lustre/disk/home/shared/cusacklab/foundcog/bids/derivatives/faizan_motion_correction_dataset/brain_masked_cropped_hfiltered_normalized_to_common_space/_subject_id_ICC167/_referencetype_standard/_run_001_session_2_task_name_videos/sub-ICC167_ses-2_task-videos_dir-AP_run-001_bold_mcf_corrected_flirt.nii.gz
ICC179,2,002,videos,323.2257995605469,196.75835647583008,107146,/lustre/disk/home/shared/cusacklab/foundcog/bids/derivatives/faizan_motion_correction_dataset/brain_masked_cropped_hfiltered_normalized_to_common_space/_subject_id_ICC179/_referencetype_standard/_run_002_session_2_task_name_videos/sub-ICC179_ses-2_task-videos_dir-AP_run-002_bold_mcf_corrected_flirt.nii.gz
ICC169,1,001,videos,352.31549072265625,227.835457611084,107146,/lustre/disk/home/shared/cusacklab/foundcog/bids/derivatives/faizan_motion_correction_dataset/brain_masked_cropped_hfiltered_normalized_to_common_space/_subject_id_ICC169/_referencetype_standard/_run_001_session_1_task_name_videos/sub-ICC169_ses-1_task-videos_dir-AP_run-001_bold_mcf_corrected_flirt.nii.gz
ICC167,1,002,videos,342.0059814453125,185.70790100097656,107146,/lustre/disk/home/shared/cusacklab/foundcog/bids/derivatives/faizan_motion_correction_dataset/brain_masked_cropped_hfiltered_normalized_to_common_space/_subject_id_ICC167/_referencetype_standard/_run_002_session_1_task_name_videos/sub-ICC167_ses-1_task-videos_dir-AP_run-002_bold_mcf_corrected_flirt.nii.gz
ICC155,1,001,rest10,304.07672119140625,173.17018127441406,107146,/lustre/disk/home/shared/cusacklab/foundcog/bids/derivatives/faizan_motion_correction_dataset/brain_masked_cropped_hfiltered_normalized_to_common_space/_subject_id_ICC155/_referencetype_standard/_run_001_session_1_task_name_rest10/sub-ICC155_ses-1_task-rest10_dir-AP_run-001_bold_mcf_corrected_flirt.nii.gz
ICC179,2,001,videos,324.281494140625,199.71634750366215,107146,/lustre/disk/home/shared/cusacklab/foundcog/bids/derivatives/faizan_motion_correction_dataset/brain_masked_cropped_hfiltered_normalized_to_common_space/_subject_id_ICC179/_referencetype_standard/_run_001_session_2_task_name_videos/sub-ICC179_ses-2_task-videos_dir-AP_run-001_bold_mcf_corrected_flirt.nii.gz
ICC177,1,001,videos,292.5860900878906,168.21609649658194,107146,/lustre/disk/home/shared/cusacklab/foundcog/bids/derivatives/faizan_motion_correction_dataset/brain_masked_cropped_hfiltered_normalized_to_common_space/_subject_id_ICC177/_referencetype_standard/_run_001_session_1_task_name_videos/sub-ICC177_ses-1_task-videos_dir-AP_run-001_bold_mcf_corrected_flirt.nii.gz
ICC177,1,002,videos,302.3991394042969,173.46189346313474,107146,/lustre/disk/home/shared/cusacklab/foundcog/bids/derivatives/faizan_motion_correction_dataset/brain_masked_cropped_hfiltered_normalized_to_common_space/_subject_id_ICC177/_referencetype_standard/_run_002_session_1_task_name_videos/sub-ICC177_ses-1_task-videos_dir-AP_run-002_bold_mcf_corrected_flirt.nii.gz
ICC179,1,001,videos,324.95867919921875,202.83223114013663,107146,/lustre/disk/home/shared/cusacklab/foundcog/bids/derivatives/faizan_motion_correction_dataset/brain_masked_cropped_hfiltered_normalized_to_common_space/_subject_id_ICC179/_referencetype_standard/_run_001_session_1_task_name_videos/sub-ICC179_ses-1_task-videos_dir-AP_run-001_bold_mcf_corrected_flirt.nii.gz
ICC183,1,001,videos,277.6923522949219,150.59034881591796,107146,/lustre/disk/home/shared/cusacklab/foundcog/bids/derivatives/faizan_motion_correction_dataset/brain_masked_cropped_hfiltered_normalized_to_common_space/_subject_id_ICC183/_referencetype_standard/_run_001_session_1_task_name_videos/sub-ICC183_ses-1_task-videos_dir-AP_run-001_bold_mcf_corrected_flirt.nii.gz
ICC183,2,001,videos,286.9930725097656,184.19602432250974,107146,/lustre/disk/home/shared/cusacklab/foundcog/bids/derivatives/faizan_motion_correction_dataset/brain_masked_cropped_hfiltered_normalized_to_common_space/_subject_id_ICC183/_referencetype_standard/_run_001_session_2_task_name_videos/sub-ICC183_ses-2_task-videos_dir-AP_run-001_bold_mcf_corrected_flirt.nii.gz
ICC157,2,001,rest10,320.5468444824219,187.820068359375,107146,/lustre/disk/home/shared/cusacklab/foundcog/bids/derivatives/faizan_motion_correction_dataset/brain_masked_cropped_hfiltered_normalized_to_common_space/_subject_id_ICC157/_referencetype_standard/_run_001_session_2_task_name_rest10/sub-ICC157_ses-2_task-rest10_dir-AP_run-001_bold_mcf_corrected_flirt.nii.gz
ICC179A,1,001,videos,383.9200744628906,173.48471069335938,113172,/lustre/disk/home/shared/cusacklab/foundcog/bids/derivatives/faizan_motion_correction_dataset/brain_masked_cropped_hfiltered_normalized_to_common_space/_subject_id_ICC179A/_referencetype_standard/_run_001_session_1_task_name_videos/sub-ICC179A_ses-1_task-videos_dir-AP_run-001_bold_mcf_corrected_flirt.nii.gz
ICC159,1,001,rest10,420.82183837890625,207.16613922119143,107146,/lustre/disk/home/shared/cusacklab/foundcog/bids/derivatives/faizan_motion_correction_dataset/brain_masked_cropped_hfiltered_normalized_to_common_space/_subject_id_ICC159/_referencetype_standard/_run_001_session_1_task_name_rest10/sub-ICC159_ses-1_task-rest10_dir-AP_run-001_bold_mcf_corrected_flirt.nii.gz
ICC179A,1,002,videos,386.59246826171875,173.80645904541007,113172,/lustre/disk/home/shared/cusacklab/foundcog/bids/derivatives/faizan_motion_correction_dataset/brain_masked_cropped_hfiltered_normalized_to_common_space/_subject_id_ICC179A/_referencetype_standard/_run_002_session_1_task_name_videos/sub-ICC179A_ses-1_task-videos_dir-AP_run-002_bold_mcf_corrected_flirt.nii.gz
ICC183,1,002,videos,277.8563232421875,152.528572845459,107146,/lustre/disk/home/shared/cusacklab/foundcog/bids/derivatives/faizan_motion_correction_dataset/brain_masked_cropped_hfiltered_normalized_to_common_space/_subject_id_ICC183/_referencetype_standard/_run_002_session_1_task_name_videos/sub-ICC183_ses-1_task-videos_dir-AP_run-002_bold_mcf_corrected_flirt.nii.gz
ICC163,1,001,rest10,246.32557678222656,150.41305618286134,107146,/lustre/disk/home/shared/cusacklab/foundcog/bids/derivatives/faizan_motion_correction_dataset/brain_masked_cropped_hfiltered_normalized_to_common_space/_subject_id_ICC163/_referencetype_standard/_run_001_session_1_task_name_rest10/sub-ICC163_ses-1_task-rest10_dir-AP_run-001_bold_mcf_corrected_flirt.nii.gz
ICC165,1,001,rest10,278.75518798828125,207.98524703979484,107146,/lustre/disk/home/shared/cusacklab/foundcog/bids/derivatives/faizan_motion_correction_dataset/brain_masked_cropped_hfiltered_normalized_to_common_space/_subject_id_ICC165/_referencetype_standard/_run_001_session_1_task_name_rest10/sub-ICC165_ses-1_task-rest10_dir-AP_run-001_bold_mcf_corrected_flirt.nii.gz
ICC183A,1,002,videos,450.8585510253906,149.94366607666018,113172,/lustre/disk/home/shared/cusacklab/foundcog/bids/derivatives/faizan_motion_correction_dataset/brain_masked_cropped_hfiltered_normalized_to_common_space/_subject_id_ICC183A/_referencetype_standard/_run_002_session_1_task_name_videos/sub-ICC183A_ses-1_task-videos_dir-AP_run-002_bold_mcf_corrected_flirt.nii.gz
ICC191A,1,002,videos,421.6392822265625,533.8838659286498,113172,/lustre/disk/home/shared/cusacklab/foundcog/bids/derivatives/faizan_motion_correction_dataset/brain_masked_cropped_hfiltered_normalized_to_common_space/_subject_id_ICC191A/_referencetype_standard/_run_002_session_1_task_name_videos/sub-ICC191A_ses-1_task-videos_dir-AP_run-002_bold_mcf_corrected_flirt.nii.gz
ICC185,1,001,videos,258.5717468261719,195.10989112854003,107146,/lustre/disk/home/shared/cusacklab/foundcog/bids/derivatives/faizan_motion_correction_dataset/brain_masked_cropped_hfiltered_normalized_to_common_space/_subject_id_ICC185/_referencetype_standard/_run_001_session_1_task_name_videos/sub-ICC185_ses-1_task-videos_dir-AP_run-001_bold_mcf_corrected_flirt.nii.gz
ICC185,2,001,videos,275.23712158203125,163.94095840454094,107146,/lustre/disk/home/shared/cusacklab/foundcog/bids/derivatives/faizan_motion_correction_dataset/brain_masked_cropped_hfiltered_normalized_to_common_space/_subject_id_ICC185/_referencetype_standard/_run_001_session_2_task_name_videos/sub-ICC185_ses-2_task-videos_dir-AP_run-001_bold_mcf_corrected_flirt.nii.gz
ICC187,1,001,videos,274.2490539550781,140.9967041015625,107146,/lustre/disk/home/shared/cusacklab/foundcog/bids/derivatives/faizan_motion_correction_dataset/brain_masked_cropped_hfiltered_normalized_to_common_space/_subject_id_ICC187/_referencetype_standard/_run_001_session_1_task_name_videos/sub-ICC187_ses-1_task-videos_dir-AP_run-001_bold_mcf_corrected_flirt.nii.gz
ICC169,2,001,rest10,285.16259765625,161.9800567626953,107146,/lustre/disk/home/shared/cusacklab/foundcog/bids/derivatives/faizan_motion_correction_dataset/brain_masked_cropped_hfiltered_normalized_to_common_space/_subject_id_ICC169/_referencetype_standard/_run_001_session_2_task_name_rest10/sub-ICC169_ses-2_task-rest10_dir-AP_run-001_bold_mcf_corrected_flirt.nii.gz
ICC183A,1,001,videos,451.4895935058594,149.67862091064455,113172,/lustre/disk/home/shared/cusacklab/foundcog/bids/derivatives/faizan_motion_correction_dataset/brain_masked_cropped_hfiltered_normalized_to_common_space/_subject_id_ICC183A/_referencetype_standard/_run_001_session_1_task_name_videos/sub-ICC183A_ses-1_task-videos_dir-AP_run-001_bold_mcf_corrected_flirt.nii.gz
ICC179,1,001,rest10,322.3830261230469,197.17257690429688,107146,/lustre/disk/home/shared/cusacklab/foundcog/bids/derivatives/faizan_motion_correction_dataset/brain_masked_cropped_hfiltered_normalized_to_common_space/_subject_id_ICC179/_referencetype_standard/_run_001_session_1_task_name_rest10/sub-ICC179_ses-1_task-rest10_dir-AP_run-001_bold_mcf_corrected_flirt.nii.gz
ICC187,1,002,videos,268.4401550292969,153.6899681091307,107146,/lustre/disk/home/shared/cusacklab/foundcog/bids/derivatives/faizan_motion_correction_dataset/brain_masked_cropped_hfiltered_normalized_to_common_space/_subject_id_ICC187/_referencetype_standard/_run_002_session_1_task_name_videos/sub-ICC187_ses-1_task-videos_dir-AP_run-002_bold_mcf_corrected_flirt.nii.gz
ICC189,1,001,videos,261.103759765625,166.11134490966796,107146,/lustre/disk/home/shared/cusacklab/foundcog/bids/derivatives/faizan_motion_correction_dataset/brain_masked_cropped_hfiltered_normalized_to_common_space/_subject_id_ICC189/_referencetype_standard/_run_001_session_1_task_name_videos/sub-ICC189_ses-1_task-videos_dir-AP_run-001_bold_mcf_corrected_flirt.nii.gz
ICC177,2,003,rest10,263.8146057128906,163.4904640197754,107146,/lustre/disk/home/shared/cusacklab/foundcog/bids/derivatives/faizan_motion_correction_dataset/brain_masked_cropped_hfiltered_normalized_to_common_space/_subject_id_ICC177/_referencetype_standard/_run_003_session_2_task_name_rest10/sub-ICC177_ses-2_task-rest10_dir-AP_run-003_bold_mcf_corrected_flirt.nii.gz
ICC179A,1,001,rest10,387.6965026855469,166.63812408447268,113172,/lustre/disk/home/shared/cusacklab/foundcog/bids/derivatives/faizan_motion_correction_dataset/brain_masked_cropped_hfiltered_normalized_to_common_space/_subject_id_ICC179A/_referencetype_standard/_run_001_session_1_task_name_rest10/sub-ICC179A_ses-1_task-rest10_dir-AP_run-001_bold_mcf_corrected_flirt.nii.gz
ICC183,2,001,rest10,284.40802001953125,165.29795837402344,107146,/lustre/disk/home/shared/cusacklab/foundcog/bids/derivatives/faizan_motion_correction_dataset/brain_masked_cropped_hfiltered_normalized_to_common_space/_subject_id_ICC183/_referencetype_standard/_run_001_session_2_task_name_rest10/sub-ICC183_ses-2_task-rest10_dir-AP_run-001_bold_mcf_corrected_flirt.nii.gz
ICC189,1,002,videos,247.31874084472656,160.17177658081056,107146,/lustre/disk/home/shared/cusacklab/foundcog/bids/derivatives/faizan_motion_correction_dataset/brain_masked_cropped_hfiltered_normalized_to_common_space/_subject_id_ICC189/_referencetype_standard/_run_002_session_1_task_name_videos/sub-ICC189_ses-1_task-videos_dir-AP_run-002_bold_mcf_corrected_flirt.nii.gz
ICC191,1,001,videos,264.40765380859375,178.5106285095215,107146,/lustre/disk/home/shared/cusacklab/foundcog/bids/derivatives/faizan_motion_correction_dataset/brain_masked_cropped_hfiltered_normalized_to_common_space/_subject_id_ICC191/_referencetype_standard/_run_001_session_1_task_name_videos/sub-ICC191_ses-1_task-videos_dir-AP_run-001_bold_mcf_corrected_flirt.nii.gz
ICC191,1,002,videos,262.3252258300781,181.415779876709,107146,/lustre/disk/home/shared/cusacklab/foundcog/bids/derivatives/faizan_motion_correction_dataset/brain_masked_cropped_hfiltered_normalized_to_common_space/_subject_id_ICC191/_referencetype_standard/_run_002_session_1_task_name_videos/sub-ICC191_ses-1_task-videos_dir-AP_run-002_bold_mcf_corrected_flirt.nii.gz
ICC191A,1,001,videos,445.0653991699219,178.45587310791007,113172,/lustre/disk/home/shared/cusacklab/foundcog/bids/derivatives/faizan_motion_correction_dataset/brain_masked_cropped_hfiltered_normalized_to_common_space/_subject_id_ICC191A/_referencetype_standard/_run_001_session_1_task_name_videos/sub-ICC191A_ses-1_task-videos_dir-AP_run-001_bold_mcf_corrected_flirt.nii.gz
ICC191A,1,003,videos,447.7734680175781,176.22088928222638,113172,/lustre/disk/home/shared/cusacklab/foundcog/bids/derivatives/faizan_motion_correction_dataset/brain_masked_cropped_hfiltered_normalized_to_common_space/_subject_id_ICC191A/_referencetype_standard/_run_003_session_1_task_name_videos/sub-ICC191A_ses-1_task-videos_dir-AP_run-003_bold_mcf_corrected_flirt.nii.gz
ICC193,1,001,videos,304.8499755859375,171.41650009155273,107146,/lustre/disk/home/shared/cusacklab/foundcog/bids/derivatives/faizan_motion_correction_dataset/brain_masked_cropped_hfiltered_normalized_to_common_space/_subject_id_ICC193/_referencetype_standard/_run_001_session_1_task_name_videos/sub-ICC193_ses-1_task-videos_dir-AP_run-001_bold_mcf_corrected_flirt.nii.gz
ICC193,1,002,videos,308.6080017089844,171.98692474365234,107146,/lustre/disk/home/shared/cusacklab/foundcog/bids/derivatives/faizan_motion_correction_dataset/brain_masked_cropped_hfiltered_normalized_to_common_space/_subject_id_ICC193/_referencetype_standard/_run_002_session_1_task_name_videos/sub-ICC193_ses-1_task-videos_dir-AP_run-002_bold_mcf_corrected_flirt.nii.gz
ICC195,1,001,videos,275.90234375,158.61125106811522,107146,/lustre/disk/home/shared/cusacklab/foundcog/bids/derivatives/faizan_motion_correction_dataset/brain_masked_cropped_hfiltered_normalized_to_common_space/_subject_id_ICC195/_referencetype_standard/_run_001_session_1_task_name_videos/sub-ICC195_ses-1_task-videos_dir-AP_run-001_bold_mcf_corrected_flirt.nii.gz
ICC183A,1,001,rest10,450.1932678222656,144.18374633789062,113172,/lustre/disk/home/shared/cusacklab/foundcog/bids/derivatives/faizan_motion_correction_dataset/brain_masked_cropped_hfiltered_normalized_to_common_space/_subject_id_ICC183A/_referencetype_standard/_run_001_session_1_task_name_rest10/sub-ICC183A_ses-1_task-rest10_dir-AP_run-001_bold_mcf_corrected_flirt.nii.gz
ICC185,2,001,rest10,275.44696044921875,168.36822586059571,107146,/lustre/disk/home/shared/cusacklab/foundcog/bids/derivatives/faizan_motion_correction_dataset/brain_masked_cropped_hfiltered_normalized_to_common_space/_subject_id_ICC185/_referencetype_standard/_run_001_session_2_task_name_rest10/sub-ICC185_ses-2_task-rest10_dir-AP_run-001_bold_mcf_corrected_flirt.nii.gz
ICC193A,1,001,videos,450.98211669921875,195.97772216796875,113172,/lustre/disk/home/shared/cusacklab/foundcog/bids/derivatives/faizan_motion_correction_dataset/brain_masked_cropped_hfiltered_normalized_to_common_space/_subject_id_ICC193A/_referencetype_standard/_run_001_session_1_task_name_videos/sub-ICC193A_ses-1_task-videos_dir-AP_run-001_bold_mcf_corrected_flirt.nii.gz
ICC193A,1,002,videos,445.2287292480469,186.6202392578125,113172,/lustre/disk/home/shared/cusacklab/foundcog/bids/derivatives/faizan_motion_correction_dataset/brain_masked_cropped_hfiltered_normalized_to_common_space/_subject_id_ICC193A/_referencetype_standard/_run_002_session_1_task_name_videos/sub-ICC193A_ses-1_task-videos_dir-AP_run-002_bold_mcf_corrected_flirt.nii.gz
ICC187,1,001,rest10,269.3253479003906,152.25204544067384,107146,/lustre/disk/home/shared/cusacklab/foundcog/bids/derivatives/faizan_motion_correction_dataset/brain_masked_cropped_hfiltered_normalized_to_common_space/_subject_id_ICC187/_referencetype_standard/_run_001_session_1_task_name_rest10/sub-ICC187_ses-1_task-rest10_dir-AP_run-001_bold_mcf_corrected_flirt.nii.gz
ICC195,1,002,videos,270.0447998046875,196.2263282775878,107146,/lustre/disk/home/shared/cusacklab/foundcog/bids/derivatives/faizan_motion_correction_dataset/brain_masked_cropped_hfiltered_normalized_to_common_space/_subject_id_ICC195/_referencetype_standard/_run_002_session_1_task_name_videos/sub-ICC195_ses-1_task-videos_dir-AP_run-002_bold_mcf_corrected_flirt.nii.gz
ICC199,1,001,videos,285.6757507324219,189.3097396850585,107146,/lustre/disk/home/shared/cusacklab/foundcog/bids/derivatives/faizan_motion_correction_dataset/brain_masked_cropped_hfiltered_normalized_to_common_space/_subject_id_ICC199/_referencetype_standard/_run_001_session_1_task_name_videos/sub-ICC199_ses-1_task-videos_dir-AP_run-001_bold_mcf_corrected_flirt.nii.gz
ICC197,2,001,videos,233.54776000976562,156.92577095031737,107146,/lustre/disk/home/shared/cusacklab/foundcog/bids/derivatives/faizan_motion_correction_dataset/brain_masked_cropped_hfiltered_normalized_to_common_space/_subject_id_ICC197/_referencetype_standard/_run_001_session_2_task_name_videos/sub-ICC197_ses-2_task-videos_dir-AP_run-001_bold_mcf_corrected_flirt.nii.gz
ICC189,1,001,rest10,242.5543975830078,161.3088691711426,107146,/lustre/disk/home/shared/cusacklab/foundcog/bids/derivatives/faizan_motion_correction_dataset/brain_masked_cropped_hfiltered_normalized_to_common_space/_subject_id_ICC189/_referencetype_standard/_run_001_session_1_task_name_rest10/sub-ICC189_ses-1_task-rest10_dir-AP_run-001_bold_mcf_corrected_flirt.nii.gz
ICC201A,1,001,rest10,392.89007568359375,181.71678466796868,113172,/lustre/disk/home/shared/cusacklab/foundcog/bids/derivatives/faizan_motion_correction_dataset/brain_masked_cropped_hfiltered_normalized_to_common_space/_subject_id_ICC201A/_referencetype_standard/_run_001_session_1_task_name_rest10/sub-ICC201A_ses-1_task-rest10_dir-AP_run-001_bold_mcf_corrected_flirt.nii.gz
ICC197,1,001,videos,239.63833618164062,146.03575134277344,107146,/lustre/disk/home/shared/cusacklab/foundcog/bids/derivatives/faizan_motion_correction_dataset/brain_masked_cropped_hfiltered_normalized_to_common_space/_subject_id_ICC197/_referencetype_standard/_run_001_session_1_task_name_videos/sub-ICC197_ses-1_task-videos_dir-AP_run-001_bold_mcf_corrected_flirt.nii.gz
ICC203,1,002,videos,245.69973754882812,159.7080841064453,107146,/lustre/disk/home/shared/cusacklab/foundcog/bids/derivatives/faizan_motion_correction_dataset/brain_masked_cropped_hfiltered_normalized_to_common_space/_subject_id_ICC203/_referencetype_standard/_run_002_session_1_task_name_videos/sub-ICC203_ses-1_task-videos_dir-AP_run-002_bold_mcf_corrected_flirt.nii.gz
ICC191,1,001,rest10,264.25592041015625,157.85394363403321,107146,/lustre/disk/home/shared/cusacklab/foundcog/bids/derivatives/faizan_motion_correction_dataset/brain_masked_cropped_hfiltered_normalized_to_common_space/_subject_id_ICC191/_referencetype_standard/_run_001_session_1_task_name_rest10/sub-ICC191_ses-1_task-rest10_dir-AP_run-001_bold_mcf_corrected_flirt.nii.gz
ICC201,1,001,videos,266.48028564453125,153.7408447265625,107146,/lustre/disk/home/shared/cusacklab/foundcog/bids/derivatives/faizan_motion_correction_dataset/brain_masked_cropped_hfiltered_normalized_to_common_space/_subject_id_ICC201/_referencetype_standard/_run_001_session_1_task_name_videos/sub-ICC201_ses-1_task-videos_dir-AP_run-001_bold_mcf_corrected_flirt.nii.gz
ICC199,1,002,videos,280.2354431152344,163.02330856323243,107146,/lustre/disk/home/shared/cusacklab/foundcog/bids/derivatives/faizan_motion_correction_dataset/brain_masked_cropped_hfiltered_normalized_to_common_space/_subject_id_ICC199/_referencetype_standard/_run_002_session_1_task_name_videos/sub-ICC199_ses-1_task-videos_dir-AP_run-002_bold_mcf_corrected_flirt.nii.gz
ICC193,1,001,rest10,309.7109069824219,182.9265899658203,107146,/lustre/disk/home/shared/cusacklab/foundcog/bids/derivatives/faizan_motion_correction_dataset/brain_masked_cropped_hfiltered_normalized_to_common_space/_subject_id_ICC193/_referencetype_standard/_run_001_session_1_task_name_rest10/sub-ICC193_ses-1_task-rest10_dir-AP_run-001_bold_mcf_corrected_flirt.nii.gz
ICC191A,1,001,rest10,452.2305908203125,174.01528930664062,113172,/lustre/disk/home/shared/cusacklab/foundcog/bids/derivatives/faizan_motion_correction_dataset/brain_masked_cropped_hfiltered_normalized_to_common_space/_subject_id_ICC191A/_referencetype_standard/_run_001_session_1_task_name_rest10/sub-ICC191A_ses-1_task-rest10_dir-AP_run-001_bold_mcf_corrected_flirt.nii.gz
ICC201,1,002,videos,266.9327392578125,150.95610885620118,107146,/lustre/disk/home/shared/cusacklab/foundcog/bids/derivatives/faizan_motion_correction_dataset/brain_masked_cropped_hfiltered_normalized_to_common_space/_subject_id_ICC201/_referencetype_standard/_run_002_session_1_task_name_videos/sub-ICC201_ses-1_task-videos_dir-AP_run-002_bold_mcf_corrected_flirt.nii.gz
ICC205,1,001,videos,252.1787109375,132.7743324279785,107146,/lustre/disk/home/shared/cusacklab/foundcog/bids/derivatives/faizan_motion_correction_dataset/brain_masked_cropped_hfiltered_normalized_to_common_space/_subject_id_ICC205/_referencetype_standard/_run_001_session_1_task_name_videos/sub-ICC205_ses-1_task-videos_dir-AP_run-001_bold_mcf_corrected_flirt.nii.gz
ICC193A,1,001,rest10,444.253173828125,173.65640258789062,113172,/lustre/disk/home/shared/cusacklab/foundcog/bids/derivatives/faizan_motion_correction_dataset/brain_masked_cropped_hfiltered_normalized_to_common_space/_subject_id_ICC193A/_referencetype_standard/_run_001_session_1_task_name_rest10/sub-ICC193A_ses-1_task-rest10_dir-AP_run-001_bold_mcf_corrected_flirt.nii.gz
ICC203,1,001,videos,239.06466674804688,131.0836654663086,107146,/lustre/disk/home/shared/cusacklab/foundcog/bids/derivatives/faizan_motion_correction_dataset/brain_masked_cropped_hfiltered_normalized_to_common_space/_subject_id_ICC203/_referencetype_standard/_run_001_session_1_task_name_videos/sub-ICC203_ses-1_task-videos_dir-AP_run-001_bold_mcf_corrected_flirt.nii.gz
ICC205,1,002,videos,253.6344757080078,116.35328140258781,107146,/lustre/disk/home/shared/cusacklab/foundcog/bids/derivatives/faizan_motion_correction_dataset/brain_masked_cropped_hfiltered_normalized_to_common_space/_subject_id_ICC205/_referencetype_standard/_run_002_session_1_task_name_videos/sub-ICC205_ses-1_task-videos_dir-AP_run-002_bold_mcf_corrected_flirt.nii.gz
ICC201A,1,001,videos,391.5818786621094,191.2485061645508,113172,/lustre/disk/home/shared/cusacklab/foundcog/bids/derivatives/faizan_motion_correction_dataset/brain_masked_cropped_hfiltered_normalized_to_common_space/_subject_id_ICC201A/_referencetype_standard/_run_001_session_1_task_name_videos/sub-ICC201A_ses-1_task-videos_dir-AP_run-001_bold_mcf_corrected_flirt.nii.gz
ICC195,1,001,rest10,275.1673278808594,166.22897338867188,107146,/lustre/disk/home/shared/cusacklab/foundcog/bids/derivatives/faizan_motion_correction_dataset/brain_masked_cropped_hfiltered_normalized_to_common_space/_subject_id_ICC195/_referencetype_standard/_run_001_session_1_task_name_rest10/sub-ICC195_ses-1_task-rest10_dir-AP_run-001_bold_mcf_corrected_flirt.nii.gz
ICC213,2,002,videos,258.24932861328125,164.98866958618163,107146,/lustre/disk/home/shared/cusacklab/foundcog/bids/derivatives/faizan_motion_correction_dataset/brain_masked_cropped_hfiltered_normalized_to_common_space/_subject_id_ICC213/_referencetype_standard/_run_002_session_2_task_name_videos/sub-ICC213_ses-2_task-videos_dir-AP_run-002_bold_mcf_corrected_flirt.nii.gz
ICC205,2,001,videos,257.6726989746094,117.43549423217775,107146,/lustre/disk/home/shared/cusacklab/foundcog/bids/derivatives/faizan_motion_correction_dataset/brain_masked_cropped_hfiltered_normalized_to_common_space/_subject_id_ICC205/_referencetype_standard/_run_001_session_2_task_name_videos/sub-ICC205_ses-2_task-videos_dir-AP_run-001_bold_mcf_corrected_flirt.nii.gz
ICC217,1,001,videos,297.3582763671875,201.47505722045898,107146,/lustre/disk/home/shared/cusacklab/foundcog/bids/derivatives/faizan_motion_correction_dataset/brain_masked_cropped_hfiltered_normalized_to_common_space/_subject_id_ICC217/_referencetype_standard/_run_001_session_1_task_name_videos/sub-ICC217_ses-1_task-videos_dir-AP_run-001_bold_mcf_corrected_flirt.nii.gz
ICC207,1,002,videos,269.51239013671875,155.16670303344728,107146,/lustre/disk/home/shared/cusacklab/foundcog/bids/derivatives/faizan_motion_correction_dataset/brain_masked_cropped_hfiltered_normalized_to_common_space/_subject_id_ICC207/_referencetype_standard/_run_002_session_1_task_name_videos/sub-ICC207_ses-1_task-videos_dir-AP_run-002_bold_mcf_corrected_flirt.nii.gz
ICC207,1,001,videos,273.32012939453125,149.83790740966796,107146,/lustre/disk/home/shared/cusacklab/foundcog/bids/derivatives/faizan_motion_correction_dataset/brain_masked_cropped_hfiltered_normalized_to_common_space/_subject_id_ICC207/_referencetype_standard/_run_001_session_1_task_name_videos/sub-ICC207_ses-1_task-videos_dir-AP_run-001_bold_mcf_corrected_flirt.nii.gz
ICC205A,1,001,videos,402.1918029785156,155.52487182617188,113172,/lustre/disk/home/shared/cusacklab/foundcog/bids/derivatives/faizan_motion_correction_dataset/brain_masked_cropped_hfiltered_normalized_to_common_space/_subject_id_ICC205A/_referencetype_standard/_run_001_session_1_task_name_videos/sub-ICC205A_ses-1_task-videos_dir-AP_run-001_bold_mcf_corrected_flirt.nii.gz
ICC211,1,001,videos,269.3479309082031,191.57492904663087,107146,/lustre/disk/home/shared/cusacklab/foundcog/bids/derivatives/faizan_motion_correction_dataset/brain_masked_cropped_hfiltered_normalized_to_common_space/_subject_id_ICC211/_referencetype_standard/_run_001_session_1_task_name_videos/sub-ICC211_ses-1_task-videos_dir-AP_run-001_bold_mcf_corrected_flirt.nii.gz
ICC211,2,001,videos,244.9779510498047,124.29291610717775,107146,/lustre/disk/home/shared/cusacklab/foundcog/bids/derivatives/faizan_motion_correction_dataset/brain_masked_cropped_hfiltered_normalized_to_common_space/_subject_id_ICC211/_referencetype_standard/_run_001_session_2_task_name_videos/sub-ICC211_ses-2_task-videos_dir-AP_run-001_bold_mcf_corrected_flirt.nii.gz
ICC213,1,001,videos,261.6975402832031,170.6903160095215,107146,/lustre/disk/home/shared/cusacklab/foundcog/bids/derivatives/faizan_motion_correction_dataset/brain_masked_cropped_hfiltered_normalized_to_common_space/_subject_id_ICC213/_referencetype_standard/_run_001_session_1_task_name_videos/sub-ICC213_ses-1_task-videos_dir-AP_run-001_bold_mcf_corrected_flirt.nii.gz
ICC217,1,002,videos,303.3583679199219,228.639751434326,107146,/lustre/disk/home/shared/cusacklab/foundcog/bids/derivatives/faizan_motion_correction_dataset/brain_masked_cropped_hfiltered_normalized_to_common_space/_subject_id_ICC217/_referencetype_standard/_run_002_session_1_task_name_videos/sub-ICC217_ses-1_task-videos_dir-AP_run-002_bold_mcf_corrected_flirt.nii.gz
ICC213,1,002,videos,259.6665344238281,180.5440155029296,107146,/lustre/disk/home/shared/cusacklab/foundcog/bids/derivatives/faizan_motion_correction_dataset/brain_masked_cropped_hfiltered_normalized_to_common_space/_subject_id_ICC213/_referencetype_standard/_run_002_session_1_task_name_videos/sub-ICC213_ses-1_task-videos_dir-AP_run-002_bold_mcf_corrected_flirt.nii.gz
ICC217,1,003,videos,264.7817687988281,139.63590316772462,107146,/lustre/disk/home/shared/cusacklab/foundcog/bids/derivatives/faizan_motion_correction_dataset/brain_masked_cropped_hfiltered_normalized_to_common_space/_subject_id_ICC217/_referencetype_standard/_run_003_session_1_task_name_videos/sub-ICC217_ses-1_task-videos_dir-AP_run-003_bold_mcf_corrected_flirt.nii.gz
ICC203,1,001,rest10,258.96112060546875,166.00103759765625,107146,/lustre/disk/home/shared/cusacklab/foundcog/bids/derivatives/faizan_motion_correction_dataset/brain_masked_cropped_hfiltered_normalized_to_common_space/_subject_id_ICC203/_referencetype_standard/_run_001_session_1_task_name_rest10/sub-ICC203_ses-1_task-rest10_dir-AP_run-001_bold_mcf_corrected_flirt.nii.gz
ICC197,1,001,rest10,238.87631225585938,134.94189605712882,107146,/lustre/disk/home/shared/cusacklab/foundcog/bids/derivatives/faizan_motion_correction_dataset/brain_masked_cropped_hfiltered_normalized_to_common_space/_subject_id_ICC197/_referencetype_standard/_run_001_session_1_task_name_rest10/sub-ICC197_ses-1_task-rest10_dir-AP_run-001_bold_mcf_corrected_flirt.nii.gz
ICC201,2,001,rest10,263.68011474609375,141.07626419067384,107146,/lustre/disk/home/shared/cusacklab/foundcog/bids/derivatives/faizan_motion_correction_dataset/brain_masked_cropped_hfiltered_normalized_to_common_space/_subject_id_ICC201/_referencetype_standard/_run_001_session_2_task_name_rest10/sub-ICC201_ses-2_task-rest10_dir-AP_run-001_bold_mcf_corrected_flirt.nii.gz
ICC221,1,002,videos,260.8365783691406,144.20558319091788,107146,/lustre/disk/home/shared/cusacklab/foundcog/bids/derivatives/faizan_motion_correction_dataset/brain_masked_cropped_hfiltered_normalized_to_common_space/_subject_id_ICC221/_referencetype_standard/_run_002_session_1_task_name_videos/sub-ICC221_ses-1_task-videos_dir-AP_run-002_bold_mcf_corrected_flirt.nii.gz
ICC221,1,001,videos,267.1084289550781,153.40463256835938,107146,/lustre/disk/home/shared/cusacklab/foundcog/bids/derivatives/faizan_motion_correction_dataset/brain_masked_cropped_hfiltered_normalized_to_common_space/_subject_id_ICC221/_referencetype_standard/_run_001_session_1_task_name_videos/sub-ICC221_ses-1_task-videos_dir-AP_run-001_bold_mcf_corrected_flirt.nii.gz
ICC205,1,001,rest10,251.66644287109375,118.48292617797853,107146,/lustre/disk/home/shared/cusacklab/foundcog/bids/derivatives/faizan_motion_correction_dataset/brain_masked_cropped_hfiltered_normalized_to_common_space/_subject_id_ICC205/_referencetype_standard/_run_001_session_1_task_name_rest10/sub-ICC205_ses-1_task-rest10_dir-AP_run-001_bold_mcf_corrected_flirt.nii.gz
ICC227,1,002,videos,294.2626953125,193.62309875488273,107146,/lustre/disk/home/shared/cusacklab/foundcog/bids/derivatives/faizan_motion_correction_dataset/brain_masked_cropped_hfiltered_normalized_to_common_space/_subject_id_ICC227/_referencetype_standard/_run_002_session_1_task_name_videos/sub-ICC227_ses-1_task-videos_dir-AP_run-002_bold_mcf_corrected_flirt.nii.gz
ICC223,1,001,videos,258.617431640625,179.37058334350587,107146,/lustre/disk/home/shared/cusacklab/foundcog/bids/derivatives/faizan_motion_correction_dataset/brain_masked_cropped_hfiltered_normalized_to_common_space/_subject_id_ICC223/_referencetype_standard/_run_001_session_1_task_name_videos/sub-ICC223_ses-1_task-videos_dir-AP_run-001_bold_mcf_corrected_flirt.nii.gz
ICC205A,1,001,rest10,399.932373046875,150.75405883789062,113172,/lustre/disk/home/shared/cusacklab/foundcog/bids/derivatives/faizan_motion_correction_dataset/brain_masked_cropped_hfiltered_normalized_to_common_space/_subject_id_ICC205A/_referencetype_standard/_run_001_session_1_task_name_rest10/sub-ICC205A_ses-1_task-rest10_dir-AP_run-001_bold_mcf_corrected_flirt.nii.gz
ICC207,1,001,rest10,273.47796630859375,151.81753540039062,107146,/lustre/disk/home/shared/cusacklab/foundcog/bids/derivatives/faizan_motion_correction_dataset/brain_masked_cropped_hfiltered_normalized_to_common_space/_subject_id_ICC207/_referencetype_standard/_run_001_session_1_task_name_rest10/sub-ICC207_ses-1_task-rest10_dir-AP_run-001_bold_mcf_corrected_flirt.nii.gz
ICC225,1,001,videos,287.9181823730469,167.62786178588868,107146,/lustre/disk/home/shared/cusacklab/foundcog/bids/derivatives/faizan_motion_correction_dataset/brain_masked_cropped_hfiltered_normalized_to_common_space/_subject_id_ICC225/_referencetype_standard/_run_001_session_1_task_name_videos/sub-ICC225_ses-1_task-videos_dir-AP_run-001_bold_mcf_corrected_flirt.nii.gz
ICC223,1,002,videos,264.84539794921875,177.74428405761708,107146,/lustre/disk/home/shared/cusacklab/foundcog/bids/derivatives/faizan_motion_correction_dataset/brain_masked_cropped_hfiltered_normalized_to_common_space/_subject_id_ICC223/_referencetype_standard/_run_002_session_1_task_name_videos/sub-ICC223_ses-1_task-videos_dir-AP_run-002_bold_mcf_corrected_flirt.nii.gz
ICC225,2,001,videos,290.25128173828125,184.56665191650382,107146,/lustre/disk/home/shared/cusacklab/foundcog/bids/derivatives/faizan_motion_correction_dataset/brain_masked_cropped_hfiltered_normalized_to_common_space/_subject_id_ICC225/_referencetype_standard/_run_001_session_2_task_name_videos/sub-ICC225_ses-2_task-videos_dir-AP_run-001_bold_mcf_corrected_flirt.nii.gz
ICC217,1,001,rest10,264.62872314453125,140.59446868896484,107146,/lustre/disk/home/shared/cusacklab/foundcog/bids/derivatives/faizan_motion_correction_dataset/brain_masked_cropped_hfiltered_normalized_to_common_space/_subject_id_ICC217/_referencetype_standard/_run_001_session_1_task_name_rest10/sub-ICC217_ses-1_task-rest10_dir-AP_run-001_bold_mcf_corrected_flirt.nii.gz
ICC225,1,002,videos,287.9720764160156,175.90326080322265,107146,/lustre/disk/home/shared/cusacklab/foundcog/bids/derivatives/faizan_motion_correction_dataset/brain_masked_cropped_hfiltered_normalized_to_common_space/_subject_id_ICC225/_referencetype_standard/_run_002_session_1_task_name_videos/sub-ICC225_ses-1_task-videos_dir-AP_run-002_bold_mcf_corrected_flirt.nii.gz
ICC213,1,001,rest10,260.6461181640625,175.70739822387696,107146,/lustre/disk/home/shared/cusacklab/foundcog/bids/derivatives/faizan_motion_correction_dataset/brain_masked_cropped_hfiltered_normalized_to_common_space/_subject_id_ICC213/_referencetype_standard/_run_001_session_1_task_name_rest10/sub-ICC213_ses-1_task-rest10_dir-AP_run-001_bold_mcf_corrected_flirt.nii.gz
ICC235,1,002,videos,303.9819641113281,218.80235290527344,107146,/lustre/disk/home/shared/cusacklab/foundcog/bids/derivatives/faizan_motion_correction_dataset/brain_masked_cropped_hfiltered_normalized_to_common_space/_subject_id_ICC235/_referencetype_standard/_run_002_session_1_task_name_videos/sub-ICC235_ses-1_task-videos_dir-AP_run-002_bold_mcf_corrected_flirt.nii.gz
ICC225,1,003,videos,287.57550048828125,176.051081085205,107146,/lustre/disk/home/shared/cusacklab/foundcog/bids/derivatives/faizan_motion_correction_dataset/brain_masked_cropped_hfiltered_normalized_to_common_space/_subject_id_ICC225/_referencetype_standard/_run_003_session_1_task_name_videos/sub-ICC225_ses-1_task-videos_dir-AP_run-003_bold_mcf_corrected_flirt.nii.gz
ICC227,1,001,videos,295.2925720214844,192.62712936401368,107146,/lustre/disk/home/shared/cusacklab/foundcog/bids/derivatives/faizan_motion_correction_dataset/brain_masked_cropped_hfiltered_normalized_to_common_space/_subject_id_ICC227/_referencetype_standard/_run_001_session_1_task_name_videos/sub-ICC227_ses-1_task-videos_dir-AP_run-001_bold_mcf_corrected_flirt.nii.gz
ICC227,2,001,videos,285.5764465332031,162.85904769897462,107146,/lustre/disk/home/shared/cusacklab/foundcog/bids/derivatives/faizan_motion_correction_dataset/brain_masked_cropped_hfiltered_normalized_to_common_space/_subject_id_ICC227/_referencetype_standard/_run_001_session_2_task_name_videos/sub-ICC227_ses-2_task-videos_dir-AP_run-001_bold_mcf_corrected_flirt.nii.gz
ICC229,1,003,videos,288.8498229980469,171.68560104370118,107146,/lustre/disk/home/shared/cusacklab/foundcog/bids/derivatives/faizan_motion_correction_dataset/brain_masked_cropped_hfiltered_normalized_to_common_space/_subject_id_ICC229/_referencetype_standard/_run_003_session_1_task_name_videos/sub-ICC229_ses-1_task-videos_dir-AP_run-003_bold_mcf_corrected_flirt.nii.gz
ICC229,1,001,videos,285.4537658691406,159.01928024291993,107146,/lustre/disk/home/shared/cusacklab/foundcog/bids/derivatives/faizan_motion_correction_dataset/brain_masked_cropped_hfiltered_normalized_to_common_space/_subject_id_ICC229/_referencetype_standard/_run_001_session_1_task_name_videos/sub-ICC229_ses-1_task-videos_dir-AP_run-001_bold_mcf_corrected_flirt.nii.gz
ICC211,2,001,rest10,246.82728576660156,119.3582763671875,107146,/lustre/disk/home/shared/cusacklab/foundcog/bids/derivatives/faizan_motion_correction_dataset/brain_masked_cropped_hfiltered_normalized_to_common_space/_subject_id_ICC211/_referencetype_standard/_run_001_session_2_task_name_rest10/sub-ICC211_ses-2_task-rest10_dir-AP_run-001_bold_mcf_corrected_flirt.nii.gz
ICC235,1,001,videos,303.27313232421875,218.76034622192375,107146,/lustre/disk/home/shared/cusacklab/foundcog/bids/derivatives/faizan_motion_correction_dataset/brain_masked_cropped_hfiltered_normalized_to_common_space/_subject_id_ICC235/_referencetype_standard/_run_001_session_1_task_name_videos/sub-ICC235_ses-1_task-videos_dir-AP_run-001_bold_mcf_corrected_flirt.nii.gz
ICC221,1,001,rest10,267.1959533691406,152.3044288635254,107146,/lustre/disk/home/shared/cusacklab/foundcog/bids/derivatives/faizan_motion_correction_dataset/brain_masked_cropped_hfiltered_normalized_to_common_space/_subject_id_ICC221/_referencetype_standard/_run_001_session_1_task_name_rest10/sub-ICC221_ses-1_task-rest10_dir-AP_run-001_bold_mcf_corrected_flirt.nii.gz
ICC23,1,001,videos,274.2442626953125,180.72650985717775,107146,/lustre/disk/home/shared/cusacklab/foundcog/bids/derivatives/faizan_motion_correction_dataset/brain_masked_cropped_hfiltered_normalized_to_common_space/_subject_id_ICC23/_referencetype_standard/_run_001_session_1_task_name_videos/sub-ICC23_ses-1_task-videos_dir-AP_run-001_bold_mcf_corrected_flirt.nii.gz
ICC229,1,002,videos,293.73126220703125,191.78892517089844,107146,/lustre/disk/home/shared/cusacklab/foundcog/bids/derivatives/faizan_motion_correction_dataset/brain_masked_cropped_hfiltered_normalized_to_common_space/_subject_id_ICC229/_referencetype_standard/_run_002_session_1_task_name_videos/sub-ICC229_ses-1_task-videos_dir-AP_run-002_bold_mcf_corrected_flirt.nii.gz
ICC239A,1,002,videos,400.745849609375,204.6191635131836,113172,/lustre/disk/home/shared/cusacklab/foundcog/bids/derivatives/faizan_motion_correction_dataset/brain_masked_cropped_hfiltered_normalized_to_common_space/_subject_id_ICC239A/_referencetype_standard/_run_002_session_1_task_name_videos/sub-ICC239A_ses-1_task-videos_dir-AP_run-002_bold_mcf_corrected_flirt.nii.gz
ICC239,1,001,videos,283.0552978515625,187.17530136108397,107146,/lustre/disk/home/shared/cusacklab/foundcog/bids/derivatives/faizan_motion_correction_dataset/brain_masked_cropped_hfiltered_normalized_to_common_space/_subject_id_ICC239/_referencetype_standard/_run_001_session_1_task_name_videos/sub-ICC239_ses-1_task-videos_dir-AP_run-001_bold_mcf_corrected_flirt.nii.gz
ICC23,1,002,videos,273.836669921875,172.27476654052725,107146,/lustre/disk/home/shared/cusacklab/foundcog/bids/derivatives/faizan_motion_correction_dataset/brain_masked_cropped_hfiltered_normalized_to_common_space/_subject_id_ICC23/_referencetype_standard/_run_002_session_1_task_name_videos/sub-ICC23_ses-1_task-videos_dir-AP_run-002_bold_mcf_corrected_flirt.nii.gz
ICC233,1,001,videos,303.1436462402344,165.46026611328125,107146,/lustre/disk/home/shared/cusacklab/foundcog/bids/derivatives/faizan_motion_correction_dataset/brain_masked_cropped_hfiltered_normalized_to_common_space/_subject_id_ICC233/_referencetype_standard/_run_001_session_1_task_name_videos/sub-ICC233_ses-1_task-videos_dir-AP_run-001_bold_mcf_corrected_flirt.nii.gz
ICC239,1,003,videos,282.5653076171875,199.1998085021972,107146,/lustre/disk/home/shared/cusacklab/foundcog/bids/derivatives/faizan_motion_correction_dataset/brain_masked_cropped_hfiltered_normalized_to_common_space/_subject_id_ICC239/_referencetype_standard/_run_003_session_1_task_name_videos/sub-ICC239_ses-1_task-videos_dir-AP_run-003_bold_mcf_corrected_flirt.nii.gz
ICC233,1,002,videos,303.066162109375,168.55743408203125,107146,/lustre/disk/home/shared/cusacklab/foundcog/bids/derivatives/faizan_motion_correction_dataset/brain_masked_cropped_hfiltered_normalized_to_common_space/_subject_id_ICC233/_referencetype_standard/_run_002_session_1_task_name_videos/sub-ICC233_ses-1_task-videos_dir-AP_run-002_bold_mcf_corrected_flirt.nii.gz
ICC233,2,001,videos,308.9524841308594,188.4268455505371,107146,/lustre/disk/home/shared/cusacklab/foundcog/bids/derivatives/faizan_motion_correction_dataset/brain_masked_cropped_hfiltered_normalized_to_common_space/_subject_id_ICC233/_referencetype_standard/_run_001_session_2_task_name_videos/sub-ICC233_ses-2_task-videos_dir-AP_run-001_bold_mcf_corrected_flirt.nii.gz
ICC221A,1,001,rest10,381.29290771484375,159.55069274902337,113172,/lustre/disk/home/shared/cusacklab/foundcog/bids/derivatives/faizan_motion_correction_dataset/brain_masked_cropped_hfiltered_normalized_to_common_space/_subject_id_ICC221A/_referencetype_standard/_run_001_session_1_task_name_rest10/sub-ICC221A_ses-1_task-rest10_dir-AP_run-001_bold_mcf_corrected_flirt.nii.gz
ICC235,2,001,videos,304.5335998535156,187.71937561035156,107146,/lustre/disk/home/shared/cusacklab/foundcog/bids/derivatives/faizan_motion_correction_dataset/brain_masked_cropped_hfiltered_normalized_to_common_space/_subject_id_ICC235/_referencetype_standard/_run_001_session_2_task_name_videos/sub-ICC235_ses-2_task-videos_dir-AP_run-001_bold_mcf_corrected_flirt.nii.gz
ICC237,1,001,videos,292.91436767578125,179.52228622436525,107146,/lustre/disk/home/shared/cusacklab/foundcog/bids/derivatives/faizan_motion_correction_dataset/brain_masked_cropped_hfiltered_normalized_to_common_space/_subject_id_ICC237/_referencetype_standard/_run_001_session_1_task_name_videos/sub-ICC237_ses-1_task-videos_dir-AP_run-001_bold_mcf_corrected_flirt.nii.gz
ICC223,1,001,rest10,265.2517395019531,185.67944412231446,107146,/lustre/disk/home/shared/cusacklab/foundcog/bids/derivatives/faizan_motion_correction_dataset/brain_masked_cropped_hfiltered_normalized_to_common_space/_subject_id_ICC223/_referencetype_standard/_run_001_session_1_task_name_rest10/sub-ICC223_ses-1_task-rest10_dir-AP_run-001_bold_mcf_corrected_flirt.nii.gz
ICC237,1,002,videos,292.4246826171875,169.72667770385743,107146,/lustre/disk/home/shared/cusacklab/foundcog/bids/derivatives/faizan_motion_correction_dataset/brain_masked_cropped_hfiltered_normalized_to_common_space/_subject_id_ICC237/_referencetype_standard/_run_002_session_1_task_name_videos/sub-ICC237_ses-1_task-videos_dir-AP_run-002_bold_mcf_corrected_flirt.nii.gz
ICC239,1,002,videos,284.95941162109375,183.44957122802734,107146,/lustre/disk/home/shared/cusacklab/foundcog/bids/derivatives/faizan_motion_correction_dataset/brain_masked_cropped_hfiltered_normalized_to_common_space/_subject_id_ICC239/_referencetype_standard/_run_002_session_1_task_name_videos/sub-ICC239_ses-1_task-videos_dir-AP_run-002_bold_mcf_corrected_flirt.nii.gz
ICC255,1,001,videos,273.3829650878906,177.45941696166994,107146,/lustre/disk/home/shared/cusacklab/foundcog/bids/derivatives/faizan_motion_correction_dataset/brain_masked_cropped_hfiltered_normalized_to_common_space/_subject_id_ICC255/_referencetype_standard/_run_001_session_1_task_name_videos/sub-ICC255_ses-1_task-videos_dir-AP_run-001_bold_mcf_corrected_flirt.nii.gz
ICC225,2,001,rest10,291.5255126953125,181.44372711181632,107146,/lustre/disk/home/shared/cusacklab/foundcog/bids/derivatives/faizan_motion_correction_dataset/brain_masked_cropped_hfiltered_normalized_to_common_space/_subject_id_ICC225/_referencetype_standard/_run_001_session_2_task_name_rest10/sub-ICC225_ses-2_task-rest10_dir-AP_run-001_bold_mcf_corrected_flirt.nii.gz
ICC227,1,001,rest10,293.9673767089844,190.60240402221677,107146,/lustre/disk/home/shared/cusacklab/foundcog/bids/derivatives/faizan_motion_correction_dataset/brain_masked_cropped_hfiltered_normalized_to_common_space/_subject_id_ICC227/_referencetype_standard/_run_001_session_1_task_name_rest10/sub-ICC227_ses-1_task-rest10_dir-AP_run-001_bold_mcf_corrected_flirt.nii.gz
ICC241,1,001,videos,296.31072998046875,155.41617813110344,107146,/lustre/disk/home/shared/cusacklab/foundcog/bids/derivatives/faizan_motion_correction_dataset/brain_masked_cropped_hfiltered_normalized_to_common_space/_subject_id_ICC241/_referencetype_standard/_run_001_session_1_task_name_videos/sub-ICC241_ses-1_task-videos_dir-AP_run-001_bold_mcf_corrected_flirt.nii.gz
ICC241,1,002,videos,292.16717529296875,158.52858810424806,107146,/lustre/disk/home/shared/cusacklab/foundcog/bids/derivatives/faizan_motion_correction_dataset/brain_masked_cropped_hfiltered_normalized_to_common_space/_subject_id_ICC241/_referencetype_standard/_run_002_session_1_task_name_videos/sub-ICC241_ses-1_task-videos_dir-AP_run-002_bold_mcf_corrected_flirt.nii.gz
ICC253,1,002,videos,295.2568664550781,187.04503173828124,107146,/lustre/disk/home/shared/cusacklab/foundcog/bids/derivatives/faizan_motion_correction_dataset/brain_masked_cropped_hfiltered_normalized_to_common_space/_subject_id_ICC253/_referencetype_standard/_run_002_session_1_task_name_videos/sub-ICC253_ses-1_task-videos_dir-AP_run-002_bold_mcf_corrected_flirt.nii.gz
ICC241A,1,001,videos,426.1094055175781,207.01483154296875,113172,/lustre/disk/home/shared/cusacklab/foundcog/bids/derivatives/faizan_motion_correction_dataset/brain_masked_cropped_hfiltered_normalized_to_common_space/_subject_id_ICC241A/_referencetype_standard/_run_001_session_1_task_name_videos/sub-ICC241A_ses-1_task-videos_dir-AP_run-001_bold_mcf_corrected_flirt.nii.gz
ICC241A,1,002,videos,426.26910400390625,186.71902465820312,113172,/lustre/disk/home/shared/cusacklab/foundcog/bids/derivatives/faizan_motion_correction_dataset/brain_masked_cropped_hfiltered_normalized_to_common_space/_subject_id_ICC241A/_referencetype_standard/_run_002_session_1_task_name_videos/sub-ICC241A_ses-1_task-videos_dir-AP_run-002_bold_mcf_corrected_flirt.nii.gz
ICC243,2,001,videos,276.71368408203125,179.50291900634755,107146,/lustre/disk/home/shared/cusacklab/foundcog/bids/derivatives/faizan_motion_correction_dataset/brain_masked_cropped_hfiltered_normalized_to_common_space/_subject_id_ICC243/_referencetype_standard/_run_001_session_2_task_name_videos/sub-ICC243_ses-2_task-videos_dir-AP_run-001_bold_mcf_corrected_flirt.nii.gz
ICC243,1,001,videos,287.562255859375,179.70539321899412,107146,/lustre/disk/home/shared/cusacklab/foundcog/bids/derivatives/faizan_motion_correction_dataset/brain_masked_cropped_hfiltered_normalized_to_common_space/_subject_id_ICC243/_referencetype_standard/_run_001_session_1_task_name_videos/sub-ICC243_ses-1_task-videos_dir-AP_run-001_bold_mcf_corrected_flirt.nii.gz
ICC243,1,002,videos,288.0556335449219,172.10239486694337,107146,/lustre/disk/home/shared/cusacklab/foundcog/bids/derivatives/faizan_motion_correction_dataset/brain_masked_cropped_hfiltered_normalized_to_common_space/_subject_id_ICC243/_referencetype_standard/_run_002_session_1_task_name_videos/sub-ICC243_ses-1_task-videos_dir-AP_run-002_bold_mcf_corrected_flirt.nii.gz
ICC229,1,001,rest10,293.40618896484375,185.59886169433594,107146,/lustre/disk/home/shared/cusacklab/foundcog/bids/derivatives/faizan_motion_correction_dataset/brain_masked_cropped_hfiltered_normalized_to_common_space/_subject_id_ICC229/_referencetype_standard/_run_001_session_1_task_name_rest10/sub-ICC229_ses-1_task-rest10_dir-AP_run-001_bold_mcf_corrected_flirt.nii.gz
ICC233,1,001,rest10,300.9338684082031,167.37816085815422,107146,/lustre/disk/home/shared/cusacklab/foundcog/bids/derivatives/faizan_motion_correction_dataset/brain_masked_cropped_hfiltered_normalized_to_common_space/_subject_id_ICC233/_referencetype_standard/_run_001_session_1_task_name_rest10/sub-ICC233_ses-1_task-rest10_dir-AP_run-001_bold_mcf_corrected_flirt.nii.gz
ICC253,1,001,videos,298.32537841796875,193.1881187438965,107146,/lustre/disk/home/shared/cusacklab/foundcog/bids/derivatives/faizan_motion_correction_dataset/brain_masked_cropped_hfiltered_normalized_to_common_space/_subject_id_ICC253/_referencetype_standard/_run_001_session_1_task_name_videos/sub-ICC253_ses-1_task-videos_dir-AP_run-001_bold_mcf_corrected_flirt.nii.gz
ICC243A,1,001,videos,406.86712646484375,193.08114929199212,113172,/lustre/disk/home/shared/cusacklab/foundcog/bids/derivatives/faizan_motion_correction_dataset/brain_masked_cropped_hfiltered_normalized_to_common_space/_subject_id_ICC243A/_referencetype_standard/_run_001_session_1_task_name_videos/sub-ICC243A_ses-1_task-videos_dir-AP_run-001_bold_mcf_corrected_flirt.nii.gz
ICC235,1,001,rest10,308.3672790527344,207.22555618286134,107146,/lustre/disk/home/shared/cusacklab/foundcog/bids/derivatives/faizan_motion_correction_dataset/brain_masked_cropped_hfiltered_normalized_to_common_space/_subject_id_ICC235/_referencetype_standard/_run_001_session_1_task_name_rest10/sub-ICC235_ses-1_task-rest10_dir-AP_run-001_bold_mcf_corrected_flirt.nii.gz
ICC255,1,002,videos,280.9094543457031,190.3314002990722,107146,/lustre/disk/home/shared/cusacklab/foundcog/bids/derivatives/faizan_motion_correction_dataset/brain_masked_cropped_hfiltered_normalized_to_common_space/_subject_id_ICC255/_referencetype_standard/_run_002_session_1_task_name_videos/sub-ICC255_ses-1_task-videos_dir-AP_run-002_bold_mcf_corrected_flirt.nii.gz
ICC255,2,001,videos,301.3128662109375,188.40581588745118,107146,/lustre/disk/home/shared/cusacklab/foundcog/bids/derivatives/faizan_motion_correction_dataset/brain_masked_cropped_hfiltered_normalized_to_common_space/_subject_id_ICC255/_referencetype_standard/_run_001_session_2_task_name_videos/sub-ICC255_ses-2_task-videos_dir-AP_run-001_bold_mcf_corrected_flirt.nii.gz
ICC255,1,003,videos,281.99249267578125,194.56862716674806,107146,/lustre/disk/home/shared/cusacklab/foundcog/bids/derivatives/faizan_motion_correction_dataset/brain_masked_cropped_hfiltered_normalized_to_common_space/_subject_id_ICC255/_referencetype_standard/_run_003_session_1_task_name_videos/sub-ICC255_ses-1_task-videos_dir-AP_run-003_bold_mcf_corrected_flirt.nii.gz
ICC37,1,002,videos,284.58636474609375,181.0151817321777,107146,/lustre/disk/home/shared/cusacklab/foundcog/bids/derivatives/faizan_motion_correction_dataset/brain_masked_cropped_hfiltered_normalized_to_common_space/_subject_id_ICC37/_referencetype_standard/_run_002_session_1_task_name_videos/sub-ICC37_ses-1_task-videos_dir-AP_run-002_bold_mcf_corrected_flirt.nii.gz
ICC257,2,001,videos,279.92218017578125,153.38212661743165,107146,/lustre/disk/home/shared/cusacklab/foundcog/bids/derivatives/faizan_motion_correction_dataset/brain_masked_cropped_hfiltered_normalized_to_common_space/_subject_id_ICC257/_referencetype_standard/_run_001_session_2_task_name_videos/sub-ICC257_ses-2_task-videos_dir-AP_run-001_bold_mcf_corrected_flirt.nii.gz
ICC47,1,004,videos,255.84576416015625,177.32698822021484,107146,/lustre/disk/home/shared/cusacklab/foundcog/bids/derivatives/faizan_motion_correction_dataset/brain_masked_cropped_hfiltered_normalized_to_common_space/_subject_id_ICC47/_referencetype_standard/_run_004_session_1_task_name_videos/sub-ICC47_ses-1_task-videos_dir-AP_run-004_bold_mcf_corrected_flirt.nii.gz
ICC239A,1,001,rest10,396.89111328125,173.65271148681643,113172,/lustre/disk/home/shared/cusacklab/foundcog/bids/derivatives/faizan_motion_correction_dataset/brain_masked_cropped_hfiltered_normalized_to_common_space/_subject_id_ICC239A/_referencetype_standard/_run_001_session_1_task_name_rest10/sub-ICC239A_ses-1_task-rest10_dir-AP_run-001_bold_mcf_corrected_flirt.nii.gz
ICC237,1,001,rest10,295.9150695800781,180.6612564086914,107146,/lustre/disk/home/shared/cusacklab/foundcog/bids/derivatives/faizan_motion_correction_dataset/brain_masked_cropped_hfiltered_normalized_to_common_space/_subject_id_ICC237/_referencetype_standard/_run_001_session_1_task_name_rest10/sub-ICC237_ses-1_task-rest10_dir-AP_run-001_bold_mcf_corrected_flirt.nii.gz
ICC257,1,001,videos,256.7624206542969,130.75820922851562,107146,/lustre/disk/home/shared/cusacklab/foundcog/bids/derivatives/faizan_motion_correction_dataset/brain_masked_cropped_hfiltered_normalized_to_common_space/_subject_id_ICC257/_referencetype_standard/_run_001_session_1_task_name_videos/sub-ICC257_ses-1_task-videos_dir-AP_run-001_bold_mcf_corrected_flirt.nii.gz
ICC37,1,001,videos,285.55877685546875,184.8482292175293,107146,/lustre/disk/home/shared/cusacklab/foundcog/bids/derivatives/faizan_motion_correction_dataset/brain_masked_cropped_hfiltered_normalized_to_common_space/_subject_id_ICC37/_referencetype_standard/_run_001_session_1_task_name_videos/sub-ICC37_ses-1_task-videos_dir-AP_run-001_bold_mcf_corrected_flirt.nii.gz
ICC257A,1,001,videos,412.13836669921875,171.78216705322268,113172,/lustre/disk/home/shared/cusacklab/foundcog/bids/derivatives/faizan_motion_correction_dataset/brain_masked_cropped_hfiltered_normalized_to_common_space/_subject_id_ICC257A/_referencetype_standard/_run_001_session_1_task_name_videos/sub-ICC257A_ses-1_task-videos_dir-AP_run-001_bold_mcf_corrected_flirt.nii.gz
ICC47,1,002,videos,259.14361572265625,173.1210807800293,107146,/lustre/disk/home/shared/cusacklab/foundcog/bids/derivatives/faizan_motion_correction_dataset/brain_masked_cropped_hfiltered_normalized_to_common_space/_subject_id_ICC47/_referencetype_standard/_run_002_session_1_task_name_videos/sub-ICC47_ses-1_task-videos_dir-AP_run-002_bold_mcf_corrected_flirt.nii.gz
ICC241,2,001,rest10,304.76605224609375,207.35017547607413,107146,/lustre/disk/home/shared/cusacklab/foundcog/bids/derivatives/faizan_motion_correction_dataset/brain_masked_cropped_hfiltered_normalized_to_common_space/_subject_id_ICC241/_referencetype_standard/_run_001_session_2_task_name_rest10/sub-ICC241_ses-2_task-rest10_dir-AP_run-001_bold_mcf_corrected_flirt.nii.gz
ICC51A,1,002,videos,364.0810852050781,169.57603454589844,112867,/lustre/disk/home/shared/cusacklab/foundcog/bids/derivatives/faizan_motion_correction_dataset/brain_masked_cropped_hfiltered_normalized_to_common_space/_subject_id_ICC51A/_referencetype_standard/_run_002_session_1_task_name_videos/sub-ICC51A_ses-1_task-videos_dir-AP_run-002_bold_mcf_corrected_flirt.nii.gz
ICC43,1,001,videos,282.07659912109375,174.84239196777344,107146,/lustre/disk/home/shared/cusacklab/foundcog/bids/derivatives/faizan_motion_correction_dataset/brain_masked_cropped_hfiltered_normalized_to_common_space/_subject_id_ICC43/_referencetype_standard/_run_001_session_1_task_name_videos/sub-ICC43_ses-1_task-videos_dir-AP_run-001_bold_mcf_corrected_flirt.nii.gz
ICC37,2,001,videos,288.2247619628906,157.64876098632803,107146,/lustre/disk/home/shared/cusacklab/foundcog/bids/derivatives/faizan_motion_correction_dataset/brain_masked_cropped_hfiltered_normalized_to_common_space/_subject_id_ICC37/_referencetype_standard/_run_001_session_2_task_name_videos/sub-ICC37_ses-2_task-videos_dir-AP_run-001_bold_mcf_corrected_flirt.nii.gz
ICC51,1,002,videos,278.9285888671875,158.04391860961914,107146,/lustre/disk/home/shared/cusacklab/foundcog/bids/derivatives/faizan_motion_correction_dataset/brain_masked_cropped_hfiltered_normalized_to_common_space/_subject_id_ICC51/_referencetype_standard/_run_002_session_1_task_name_videos/sub-ICC51_ses-1_task-videos_dir-AP_run-002_bold_mcf_corrected_flirt.nii.gz
ICC43,1,002,videos,281.2537536621094,174.31907806396475,107146,/lustre/disk/home/shared/cusacklab/foundcog/bids/derivatives/faizan_motion_correction_dataset/brain_masked_cropped_hfiltered_normalized_to_common_space/_subject_id_ICC43/_referencetype_standard/_run_002_session_1_task_name_videos/sub-ICC43_ses-1_task-videos_dir-AP_run-002_bold_mcf_corrected_flirt.nii.gz
ICC243A,1,001,rest10,403.30316162109375,181.71130676269524,113172,/lustre/disk/home/shared/cusacklab/foundcog/bids/derivatives/faizan_motion_correction_dataset/brain_masked_cropped_hfiltered_normalized_to_common_space/_subject_id_ICC243A/_referencetype_standard/_run_001_session_1_task_name_rest10/sub-ICC243A_ses-1_task-rest10_dir-AP_run-001_bold_mcf_corrected_flirt.nii.gz
ICC53,2,002,videos,271.82080078125,134.46661758422852,107146,/lustre/disk/home/shared/cusacklab/foundcog/bids/derivatives/faizan_motion_correction_dataset/brain_masked_cropped_hfiltered_normalized_to_common_space/_subject_id_ICC53/_referencetype_standard/_run_002_session_2_task_name_videos/sub-ICC53_ses-2_task-videos_dir-AP_run-002_bold_mcf_corrected_flirt.nii.gz
ICC43A,1,001,videos,482.6318359375,233.518310546875,113172,/lustre/disk/home/shared/cusacklab/foundcog/bids/derivatives/faizan_motion_correction_dataset/brain_masked_cropped_hfiltered_normalized_to_common_space/_subject_id_ICC43A/_referencetype_standard/_run_001_session_1_task_name_videos/sub-ICC43A_ses-1_task-videos_dir-AP_run-001_bold_mcf_corrected_flirt.nii.gz
ICC51A,1,001,videos,371.3264465332031,179.27250213623046,111703,/lustre/disk/home/shared/cusacklab/foundcog/bids/derivatives/faizan_motion_correction_dataset/brain_masked_cropped_hfiltered_normalized_to_common_space/_subject_id_ICC51A/_referencetype_standard/_run_001_session_1_task_name_videos/sub-ICC51A_ses-1_task-videos_dir-AP_run-001_bold_mcf_corrected_flirt.nii.gz
ICC47,1,001,videos,259.7544250488281,180.37750244140625,107146,/lustre/disk/home/shared/cusacklab/foundcog/bids/derivatives/faizan_motion_correction_dataset/brain_masked_cropped_hfiltered_normalized_to_common_space/_subject_id_ICC47/_referencetype_standard/_run_001_session_1_task_name_videos/sub-ICC47_ses-1_task-videos_dir-AP_run-001_bold_mcf_corrected_flirt.nii.gz
ICC255,1,001,rest10,287.338134765625,181.4578094482422,107146,/lustre/disk/home/shared/cusacklab/foundcog/bids/derivatives/faizan_motion_correction_dataset/brain_masked_cropped_hfiltered_normalized_to_common_space/_subject_id_ICC255/_referencetype_standard/_run_001_session_1_task_name_rest10/sub-ICC255_ses-1_task-rest10_dir-AP_run-001_bold_mcf_corrected_flirt.nii.gz
ICC47,1,003,videos,257.6030578613281,168.64444808959962,107146,/lustre/disk/home/shared/cusacklab/foundcog/bids/derivatives/faizan_motion_correction_dataset/brain_masked_cropped_hfiltered_normalized_to_common_space/_subject_id_ICC47/_referencetype_standard/_run_003_session_1_task_name_videos/sub-ICC47_ses-1_task-videos_dir-AP_run-003_bold_mcf_corrected_flirt.nii.gz
ICC55,1,001,videos,281.0382080078125,190.97150344848632,107146,/lustre/disk/home/shared/cusacklab/foundcog/bids/derivatives/faizan_motion_correction_dataset/brain_masked_cropped_hfiltered_normalized_to_common_space/_subject_id_ICC55/_referencetype_standard/_run_001_session_1_task_name_videos/sub-ICC55_ses-1_task-videos_dir-AP_run-001_bold_mcf_corrected_flirt.nii.gz
ICC253,1,001,rest10,299.18267822265625,201.47221450805665,107146,/lustre/disk/home/shared/cusacklab/foundcog/bids/derivatives/faizan_motion_correction_dataset/brain_masked_cropped_hfiltered_normalized_to_common_space/_subject_id_ICC253/_referencetype_standard/_run_001_session_1_task_name_rest10/sub-ICC253_ses-1_task-rest10_dir-AP_run-001_bold_mcf_corrected_flirt.nii.gz
ICC51,2,001,videos,268.2191467285156,161.49323348999025,107146,/lustre/disk/home/shared/cusacklab/foundcog/bids/derivatives/faizan_motion_correction_dataset/brain_masked_cropped_hfiltered_normalized_to_common_space/_subject_id_ICC51/_referencetype_standard/_run_001_session_2_task_name_videos/sub-ICC51_ses-2_task-videos_dir-AP_run-001_bold_mcf_corrected_flirt.nii.gz
ICC43A,2,001,videos,420.1683349609375,190.964907836914,113172,/lustre/disk/home/shared/cusacklab/foundcog/bids/derivatives/faizan_motion_correction_dataset/brain_masked_cropped_hfiltered_normalized_to_common_space/_subject_id_ICC43A/_referencetype_standard/_run_001_session_2_task_name_videos/sub-ICC43A_ses-2_task-videos_dir-AP_run-001_bold_mcf_corrected_flirt.nii.gz
ICC51,1,001,videos,283.6654968261719,181.86819458007812,107146,/lustre/disk/home/shared/cusacklab/foundcog/bids/derivatives/faizan_motion_correction_dataset/brain_masked_cropped_hfiltered_normalized_to_common_space/_subject_id_ICC51/_referencetype_standard/_run_001_session_1_task_name_videos/sub-ICC51_ses-1_task-videos_dir-AP_run-001_bold_mcf_corrected_flirt.nii.gz
ICC37,1,001,rest10,287.3408203125,173.5885009765625,107146,/lustre/disk/home/shared/cusacklab/foundcog/bids/derivatives/faizan_motion_correction_dataset/brain_masked_cropped_hfiltered_normalized_to_common_space/_subject_id_ICC37/_referencetype_standard/_run_001_session_1_task_name_rest10/sub-ICC37_ses-1_task-rest10_dir-AP_run-001_bold_mcf_corrected_flirt.nii.gz
ICC257A,1,001,rest10,413.531494140625,157.46362457275393,113172,/lustre/disk/home/shared/cusacklab/foundcog/bids/derivatives/faizan_motion_correction_dataset/brain_masked_cropped_hfiltered_normalized_to_common_space/_subject_id_ICC257A/_referencetype_standard/_run_001_session_1_task_name_rest10/sub-ICC257A_ses-1_task-rest10_dir-AP_run-001_bold_mcf_corrected_flirt.nii.gz
ICC53,1,001,videos,271.09173583984375,144.60772705078125,107146,/lustre/disk/home/shared/cusacklab/foundcog/bids/derivatives/faizan_motion_correction_dataset/brain_masked_cropped_hfiltered_normalized_to_common_space/_subject_id_ICC53/_referencetype_standard/_run_001_session_1_task_name_videos/sub-ICC53_ses-1_task-videos_dir-AP_run-001_bold_mcf_corrected_flirt.nii.gz
ICC53,2,001,videos,273.03857421875,135.90106353759765,107146,/lustre/disk/home/shared/cusacklab/foundcog/bids/derivatives/faizan_motion_correction_dataset/brain_masked_cropped_hfiltered_normalized_to_common_space/_subject_id_ICC53/_referencetype_standard/_run_001_session_2_task_name_videos/sub-ICC53_ses-2_task-videos_dir-AP_run-001_bold_mcf_corrected_flirt.nii.gz
ICC57A,1,002,videos,407.85052490234375,191.251708984375,113029,/lustre/disk/home/shared/cusacklab/foundcog/bids/derivatives/faizan_motion_correction_dataset/brain_masked_cropped_hfiltered_normalized_to_common_space/_subject_id_ICC57A/_referencetype_standard/_run_002_session_1_task_name_videos/sub-ICC57A_ses-1_task-videos_dir-AP_run-002_bold_mcf_corrected_flirt.nii.gz
ICC53,1,002,videos,275.1011657714844,142.9794479370117,107146,/lustre/disk/home/shared/cusacklab/foundcog/bids/derivatives/faizan_motion_correction_dataset/brain_masked_cropped_hfiltered_normalized_to_common_space/_subject_id_ICC53/_referencetype_standard/_run_002_session_1_task_name_videos/sub-ICC53_ses-1_task-videos_dir-AP_run-002_bold_mcf_corrected_flirt.nii.gz
ICC257,1,001,rest10,254.52610778808594,123.37849426269531,107146,/lustre/disk/home/shared/cusacklab/foundcog/bids/derivatives/faizan_motion_correction_dataset/brain_masked_cropped_hfiltered_normalized_to_common_space/_subject_id_ICC257/_referencetype_standard/_run_001_session_1_task_name_rest10/sub-ICC257_ses-1_task-rest10_dir-AP_run-001_bold_mcf_corrected_flirt.nii.gz
ICC59,1,001,videos,285.4563903808594,201.60667266845698,107146,/lustre/disk/home/shared/cusacklab/foundcog/bids/derivatives/faizan_motion_correction_dataset/brain_masked_cropped_hfiltered_normalized_to_common_space/_subject_id_ICC59/_referencetype_standard/_run_001_session_1_task_name_videos/sub-ICC59_ses-1_task-videos_dir-AP_run-001_bold_mcf_corrected_flirt.nii.gz
ICC57A,2,001,videos,387.7333068847656,175.81704711914062,113139,/lustre/disk/home/shared/cusacklab/foundcog/bids/derivatives/faizan_motion_correction_dataset/brain_masked_cropped_hfiltered_normalized_to_common_space/_subject_id_ICC57A/_referencetype_standard/_run_001_session_2_task_name_videos/sub-ICC57A_ses-2_task-videos_dir-AP_run-001_bold_mcf_corrected_flirt.nii.gz
ICC55,2,001,videos,269.8524169921875,152.95819244384765,107146,/lustre/disk/home/shared/cusacklab/foundcog/bids/derivatives/faizan_motion_correction_dataset/brain_masked_cropped_hfiltered_normalized_to_common_space/_subject_id_ICC55/_referencetype_standard/_run_001_session_2_task_name_videos/sub-ICC55_ses-2_task-videos_dir-AP_run-001_bold_mcf_corrected_flirt.nii.gz
ICC53A,2,001,videos,449.7582702636719,193.78363189697268,113144,/lustre/disk/home/shared/cusacklab/foundcog/bids/derivatives/faizan_motion_correction_dataset/brain_masked_cropped_hfiltered_normalized_to_common_space/_subject_id_ICC53A/_referencetype_standard/_run_001_session_2_task_name_videos/sub-ICC53A_ses-2_task-videos_dir-AP_run-001_bold_mcf_corrected_flirt.nii.gz
ICC53A,1,001,videos,425.9808349609375,189.43497314453106,113050,/lustre/disk/home/shared/cusacklab/foundcog/bids/derivatives/faizan_motion_correction_dataset/brain_masked_cropped_hfiltered_normalized_to_common_space/_subject_id_ICC53A/_referencetype_standard/_run_001_session_1_task_name_videos/sub-ICC53A_ses-1_task-videos_dir-AP_run-001_bold_mcf_corrected_flirt.nii.gz
ICC55,2,003,videos,270.6402587890625,154.39646224975587,107146,/lustre/disk/home/shared/cusacklab/foundcog/bids/derivatives/faizan_motion_correction_dataset/brain_masked_cropped_hfiltered_normalized_to_common_space/_subject_id_ICC55/_referencetype_standard/_run_003_session_2_task_name_videos/sub-ICC55_ses-2_task-videos_dir-AP_run-003_bold_mcf_corrected_flirt.nii.gz
ICC57,1,001,videos,276.78363037109375,170.461190032959,107146,/lustre/disk/home/shared/cusacklab/foundcog/bids/derivatives/faizan_motion_correction_dataset/brain_masked_cropped_hfiltered_normalized_to_common_space/_subject_id_ICC57/_referencetype_standard/_run_001_session_1_task_name_videos/sub-ICC57_ses-1_task-videos_dir-AP_run-001_bold_mcf_corrected_flirt.nii.gz
ICC43A,1,001,rest10,490.8017883300781,219.06307983398438,113172,/lustre/disk/home/shared/cusacklab/foundcog/bids/derivatives/faizan_motion_correction_dataset/brain_masked_cropped_hfiltered_normalized_to_common_space/_subject_id_ICC43A/_referencetype_standard/_run_001_session_1_task_name_rest10/sub-ICC43A_ses-1_task-rest10_dir-AP_run-001_bold_mcf_corrected_flirt.nii.gz
ICC55,2,002,videos,268.2322998046875,149.02159957885743,107146,/lustre/disk/home/shared/cusacklab/foundcog/bids/derivatives/faizan_motion_correction_dataset/brain_masked_cropped_hfiltered_normalized_to_common_space/_subject_id_ICC55/_referencetype_standard/_run_002_session_2_task_name_videos/sub-ICC55_ses-2_task-videos_dir-AP_run-002_bold_mcf_corrected_flirt.nii.gz
ICC47,1,001,rest10,258.94970703125,176.4704444885254,107146,/lustre/disk/home/shared/cusacklab/foundcog/bids/derivatives/faizan_motion_correction_dataset/brain_masked_cropped_hfiltered_normalized_to_common_space/_subject_id_ICC47/_referencetype_standard/_run_001_session_1_task_name_rest10/sub-ICC47_ses-1_task-rest10_dir-AP_run-001_bold_mcf_corrected_flirt.nii.gz
ICC57A,1,001,videos,416.02032470703125,207.80343933105468,113078,/lustre/disk/home/shared/cusacklab/foundcog/bids/derivatives/faizan_motion_correction_dataset/brain_masked_cropped_hfiltered_normalized_to_common_space/_subject_id_ICC57A/_referencetype_standard/_run_001_session_1_task_name_videos/sub-ICC57A_ses-1_task-videos_dir-AP_run-001_bold_mcf_corrected_flirt.nii.gz
ICC57,1,002,videos,278.8882751464844,172.72987518310538,107146,/lustre/disk/home/shared/cusacklab/foundcog/bids/derivatives/faizan_motion_correction_dataset/brain_masked_cropped_hfiltered_normalized_to_common_space/_subject_id_ICC57/_referencetype_standard/_run_002_session_1_task_name_videos/sub-ICC57_ses-1_task-videos_dir-AP_run-002_bold_mcf_corrected_flirt.nii.gz
ICC59A,1,002,videos,396.7967224121094,175.2877136230469,113165,/lustre/disk/home/shared/cusacklab/foundcog/bids/derivatives/faizan_motion_correction_dataset/brain_masked_cropped_hfiltered_normalized_to_common_space/_subject_id_ICC59A/_referencetype_standard/_run_002_session_1_task_name_videos/sub-ICC59A_ses-1_task-videos_dir-AP_run-002_bold_mcf_corrected_flirt.nii.gz
ICC59,1,002,videos,286.7068176269531,200.5216094970703,107146,/lustre/disk/home/shared/cusacklab/foundcog/bids/derivatives/faizan_motion_correction_dataset/brain_masked_cropped_hfiltered_normalized_to_common_space/_subject_id_ICC59/_referencetype_standard/_run_002_session_1_task_name_videos/sub-ICC59_ses-1_task-videos_dir-AP_run-002_bold_mcf_corrected_flirt.nii.gz
ICC51,2,001,rest10,257.93487548828125,142.26585388183594,107146,/lustre/disk/home/shared/cusacklab/foundcog/bids/derivatives/faizan_motion_correction_dataset/brain_masked_cropped_hfiltered_normalized_to_common_space/_subject_id_ICC51/_referencetype_standard/_run_001_session_2_task_name_rest10/sub-ICC51_ses-2_task-rest10_dir-AP_run-001_bold_mcf_corrected_flirt.nii.gz
ICC7,2,001,rest10,256.373779296875,158.48871612548828,107146,/lustre/disk/home/shared/cusacklab/foundcog/bids/derivatives/faizan_motion_correction_dataset/brain_masked_cropped_hfiltered_normalized_to_common_space/_subject_id_ICC7/_referencetype_standard/_run_001_session_2_task_name_rest10/sub-ICC7_ses-2_task-rest10_dir-AP_run-001_bold_mcf_corrected_flirt.nii.gz
ICC53,1,001,rest10,274.1329040527344,142.1101852416992,107146,/lustre/disk/home/shared/cusacklab/foundcog/bids/derivatives/faizan_motion_correction_dataset/brain_masked_cropped_hfiltered_normalized_to_common_space/_subject_id_ICC53/_referencetype_standard/_run_001_session_1_task_name_rest10/sub-ICC53_ses-1_task-rest10_dir-AP_run-001_bold_mcf_corrected_flirt.nii.gz
ICC63,1,001,videos,258.44525146484375,162.0419464111328,107146,/lustre/disk/home/shared/cusacklab/foundcog/bids/derivatives/faizan_motion_correction_dataset/brain_masked_cropped_hfiltered_normalized_to_common_space/_subject_id_ICC63/_referencetype_standard/_run_001_session_1_task_name_videos/sub-ICC63_ses-1_task-videos_dir-AP_run-001_bold_mcf_corrected_flirt.nii.gz
ICC59A,1,001,videos,398.6565246582031,184.32852630615224,113164,/lustre/disk/home/shared/cusacklab/foundcog/bids/derivatives/faizan_motion_correction_dataset/brain_masked_cropped_hfiltered_normalized_to_common_space/_subject_id_ICC59A/_referencetype_standard/_run_001_session_1_task_name_videos/sub-ICC59A_ses-1_task-videos_dir-AP_run-001_bold_mcf_corrected_flirt.nii.gz
ICC63,1,002,videos,253.75169372558594,153.51100997924806,107146,/lustre/disk/home/shared/cusacklab/foundcog/bids/derivatives/faizan_motion_correction_dataset/brain_masked_cropped_hfiltered_normalized_to_common_space/_subject_id_ICC63/_referencetype_standard/_run_002_session_1_task_name_videos/sub-ICC63_ses-1_task-videos_dir-AP_run-002_bold_mcf_corrected_flirt.nii.gz
ICC63,1,003,videos,255.18650817871094,153.94362869262693,107146,/lustre/disk/home/shared/cusacklab/foundcog/bids/derivatives/faizan_motion_correction_dataset/brain_masked_cropped_hfiltered_normalized_to_common_space/_subject_id_ICC63/_referencetype_standard/_run_003_session_1_task_name_videos/sub-ICC63_ses-1_task-videos_dir-AP_run-003_bold_mcf_corrected_flirt.nii.gz
ICC81,2,001,videos,248.1093292236328,184.09265480041503,107146,/lustre/disk/home/shared/cusacklab/foundcog/bids/derivatives/faizan_motion_correction_dataset/brain_masked_cropped_hfiltered_normalized_to_common_space/_subject_id_ICC81/_referencetype_standard/_run_001_session_2_task_name_videos/sub-ICC81_ses-2_task-videos_dir-AP_run-001_bold_mcf_corrected_flirt.nii.gz
ICC7,1,001,videos,248.27316284179688,132.28277206420898,107146,/lustre/disk/home/shared/cusacklab/foundcog/bids/derivatives/faizan_motion_correction_dataset/brain_masked_cropped_hfiltered_normalized_to_common_space/_subject_id_ICC7/_referencetype_standard/_run_001_session_1_task_name_videos/sub-ICC7_ses-1_task-videos_dir-AP_run-001_bold_mcf_corrected_flirt.nii.gz
ICC7,1,002,videos,247.11045837402344,121.74052429199219,107146,/lustre/disk/home/shared/cusacklab/foundcog/bids/derivatives/faizan_motion_correction_dataset/brain_masked_cropped_hfiltered_normalized_to_common_space/_subject_id_ICC7/_referencetype_standard/_run_002_session_1_task_name_videos/sub-ICC7_ses-1_task-videos_dir-AP_run-002_bold_mcf_corrected_flirt.nii.gz
ICC55,1,001,rest10,276.99029541015625,169.18769912719728,107146,/lustre/disk/home/shared/cusacklab/foundcog/bids/derivatives/faizan_motion_correction_dataset/brain_masked_cropped_hfiltered_normalized_to_common_space/_subject_id_ICC55/_referencetype_standard/_run_001_session_1_task_name_rest10/sub-ICC55_ses-1_task-rest10_dir-AP_run-001_bold_mcf_corrected_flirt.nii.gz
ICC75,1,001,videos,298.791015625,186.7554931640625,107146,/lustre/disk/home/shared/cusacklab/foundcog/bids/derivatives/faizan_motion_correction_dataset/brain_masked_cropped_hfiltered_normalized_to_common_space/_subject_id_ICC75/_referencetype_standard/_run_001_session_1_task_name_videos/sub-ICC75_ses-1_task-videos_dir-AP_run-001_bold_mcf_corrected_flirt.nii.gz
ICC7A,1,001,rest10,425.24310302734375,151.35824584960938,113172,/lustre/disk/home/shared/cusacklab/foundcog/bids/derivatives/faizan_motion_correction_dataset/brain_masked_cropped_hfiltered_normalized_to_common_space/_subject_id_ICC7A/_referencetype_standard/_run_001_session_1_task_name_rest10/sub-ICC7A_ses-1_task-rest10_dir-AP_run-001_bold_mcf_corrected_flirt.nii.gz
ICC75,1,002,videos,302.07122802734375,183.1117027282715,107146,/lustre/disk/home/shared/cusacklab/foundcog/bids/derivatives/faizan_motion_correction_dataset/brain_masked_cropped_hfiltered_normalized_to_common_space/_subject_id_ICC75/_referencetype_standard/_run_002_session_1_task_name_videos/sub-ICC75_ses-1_task-videos_dir-AP_run-002_bold_mcf_corrected_flirt.nii.gz
ICC75A,1,001,videos,426.88580322265625,193.8714080810546,113139,/lustre/disk/home/shared/cusacklab/foundcog/bids/derivatives/faizan_motion_correction_dataset/brain_masked_cropped_hfiltered_normalized_to_common_space/_subject_id_ICC75A/_referencetype_standard/_run_001_session_1_task_name_videos/sub-ICC75A_ses-1_task-videos_dir-AP_run-001_bold_mcf_corrected_flirt.nii.gz
ICC81,1,001,videos,254.39743041992188,159.44713668823243,107146,/lustre/disk/home/shared/cusacklab/foundcog/bids/derivatives/faizan_motion_correction_dataset/brain_masked_cropped_hfiltered_normalized_to_common_space/_subject_id_ICC81/_referencetype_standard/_run_001_session_1_task_name_videos/sub-ICC81_ses-1_task-videos_dir-AP_run-001_bold_mcf_corrected_flirt.nii.gz
ICC53A,1,001,rest10,432.6030578613281,200.22659454345705,113098,/lustre/disk/home/shared/cusacklab/foundcog/bids/derivatives/faizan_motion_correction_dataset/brain_masked_cropped_hfiltered_normalized_to_common_space/_subject_id_ICC53A/_referencetype_standard/_run_001_session_1_task_name_rest10/sub-ICC53A_ses-1_task-rest10_dir-AP_run-001_bold_mcf_corrected_flirt.nii.gz
ICC75A,1,002,videos,424.10198974609375,187.1129150390625,113172,/lustre/disk/home/shared/cusacklab/foundcog/bids/derivatives/faizan_motion_correction_dataset/brain_masked_cropped_hfiltered_normalized_to_common_space/_subject_id_ICC75A/_referencetype_standard/_run_002_session_1_task_name_videos/sub-ICC75A_ses-1_task-videos_dir-AP_run-002_bold_mcf_corrected_flirt.nii.gz
ICC7A,1,001,videos,420.2911071777344,160.2210403442383,112812,/lustre/disk/home/shared/cusacklab/foundcog/bids/derivatives/faizan_motion_correction_dataset/brain_masked_cropped_hfiltered_normalized_to_common_space/_subject_id_ICC7A/_referencetype_standard/_run_001_session_1_task_name_videos/sub-ICC7A_ses-1_task-videos_dir-AP_run-001_bold_mcf_corrected_flirt.nii.gz
ICC81A,1,001,videos,391.640380859375,203.991951751709,113090,/lustre/disk/home/shared/cusacklab/foundcog/bids/derivatives/faizan_motion_correction_dataset/brain_masked_cropped_hfiltered_normalized_to_common_space/_subject_id_ICC81A/_referencetype_standard/_run_001_session_1_task_name_videos/sub-ICC81A_ses-1_task-videos_dir-AP_run-001_bold_mcf_corrected_flirt.nii.gz
ICC81,1,002,videos,254.8207244873047,161.23306274414062,107146,/lustre/disk/home/shared/cusacklab/foundcog/bids/derivatives/faizan_motion_correction_dataset/brain_masked_cropped_hfiltered_normalized_to_common_space/_subject_id_ICC81/_referencetype_standard/_run_002_session_1_task_name_videos/sub-ICC81_ses-1_task-videos_dir-AP_run-002_bold_mcf_corrected_flirt.nii.gz
ICC7A,1,002,videos,425.72784423828125,149.25239715576163,113158,/lustre/disk/home/shared/cusacklab/foundcog/bids/derivatives/faizan_motion_correction_dataset/brain_masked_cropped_hfiltered_normalized_to_common_space/_subject_id_ICC7A/_referencetype_standard/_run_002_session_1_task_name_videos/sub-ICC7A_ses-1_task-videos_dir-AP_run-002_bold_mcf_corrected_flirt.nii.gz
ICC81A,2,001,videos,415.5911560058594,219.63943786621087,113136,/lustre/disk/home/shared/cusacklab/foundcog/bids/derivatives/faizan_motion_correction_dataset/brain_masked_cropped_hfiltered_normalized_to_common_space/_subject_id_ICC81A/_referencetype_standard/_run_001_session_2_task_name_videos/sub-ICC81A_ses-2_task-videos_dir-AP_run-001_bold_mcf_corrected_flirt.nii.gz
ICC83,1,001,videos,259.6943664550781,173.54702224731437,107146,/lustre/disk/home/shared/cusacklab/foundcog/bids/derivatives/faizan_motion_correction_dataset/brain_masked_cropped_hfiltered_normalized_to_common_space/_subject_id_ICC83/_referencetype_standard/_run_001_session_1_task_name_videos/sub-ICC83_ses-1_task-videos_dir-AP_run-001_bold_mcf_corrected_flirt.nii.gz
ICC83,1,002,videos,263.97149658203125,169.79885864257812,107146,/lustre/disk/home/shared/cusacklab/foundcog/bids/derivatives/faizan_motion_correction_dataset/brain_masked_cropped_hfiltered_normalized_to_common_space/_subject_id_ICC83/_referencetype_standard/_run_002_session_1_task_name_videos/sub-ICC83_ses-1_task-videos_dir-AP_run-002_bold_mcf_corrected_flirt.nii.gz
ICC85,1,001,videos,251.79574584960938,148.74632263183594,107146,/lustre/disk/home/shared/cusacklab/foundcog/bids/derivatives/faizan_motion_correction_dataset/brain_masked_cropped_hfiltered_normalized_to_common_space/_subject_id_ICC85/_referencetype_standard/_run_001_session_1_task_name_videos/sub-ICC85_ses-1_task-videos_dir-AP_run-001_bold_mcf_corrected_flirt.nii.gz
ICC83A,1,002,videos,431.2861328125,206.92004547119143,113172,/lustre/disk/home/shared/cusacklab/foundcog/bids/derivatives/faizan_motion_correction_dataset/brain_masked_cropped_hfiltered_normalized_to_common_space/_subject_id_ICC83A/_referencetype_standard/_run_002_session_1_task_name_videos/sub-ICC83A_ses-1_task-videos_dir-AP_run-002_bold_mcf_corrected_flirt.nii.gz
ICC63,1,001,rest10,257.641845703125,153.03746032714844,107146,/lustre/disk/home/shared/cusacklab/foundcog/bids/derivatives/faizan_motion_correction_dataset/brain_masked_cropped_hfiltered_normalized_to_common_space/_subject_id_ICC63/_referencetype_standard/_run_001_session_1_task_name_rest10/sub-ICC63_ses-1_task-rest10_dir-AP_run-001_bold_mcf_corrected_flirt.nii.gz
ICC59,2,001,rest10,268.1646423339844,153.28097610473634,107146,/lustre/disk/home/shared/cusacklab/foundcog/bids/derivatives/faizan_motion_correction_dataset/brain_masked_cropped_hfiltered_normalized_to_common_space/_subject_id_ICC59/_referencetype_standard/_run_001_session_2_task_name_rest10/sub-ICC59_ses-2_task-rest10_dir-AP_run-001_bold_mcf_corrected_flirt.nii.gz
ICC83A,1,001,videos,427.55810546875,198.3206497192382,113172,/lustre/disk/home/shared/cusacklab/foundcog/bids/derivatives/faizan_motion_correction_dataset/brain_masked_cropped_hfiltered_normalized_to_common_space/_subject_id_ICC83A/_referencetype_standard/_run_001_session_1_task_name_videos/sub-ICC83A_ses-1_task-videos_dir-AP_run-001_bold_mcf_corrected_flirt.nii.gz
ICC87,1,001,videos,266.3506164550781,190.4723690032959,107146,/lustre/disk/home/shared/cusacklab/foundcog/bids/derivatives/faizan_motion_correction_dataset/brain_masked_cropped_hfiltered_normalized_to_common_space/_subject_id_ICC87/_referencetype_standard/_run_001_session_1_task_name_videos/sub-ICC87_ses-1_task-videos_dir-AP_run-001_bold_mcf_corrected_flirt.nii.gz
ICC85,1,002,videos,253.7671356201172,148.48745727539062,107146,/lustre/disk/home/shared/cusacklab/foundcog/bids/derivatives/faizan_motion_correction_dataset/brain_masked_cropped_hfiltered_normalized_to_common_space/_subject_id_ICC85/_referencetype_standard/_run_002_session_1_task_name_videos/sub-ICC85_ses-1_task-videos_dir-AP_run-002_bold_mcf_corrected_flirt.nii.gz
ICC85A,1,001,videos,394.86712646484375,166.348893737793,112550,/lustre/disk/home/shared/cusacklab/foundcog/bids/derivatives/faizan_motion_correction_dataset/brain_masked_cropped_hfiltered_normalized_to_common_space/_subject_id_ICC85A/_referencetype_standard/_run_001_session_1_task_name_videos/sub-ICC85A_ses-1_task-videos_dir-AP_run-001_bold_mcf_corrected_flirt.nii.gz
ICC89,1,001,videos,263.08636474609375,144.0175018310547,107146,/lustre/disk/home/shared/cusacklab/foundcog/bids/derivatives/faizan_motion_correction_dataset/brain_masked_cropped_hfiltered_normalized_to_common_space/_subject_id_ICC89/_referencetype_standard/_run_001_session_1_task_name_videos/sub-ICC89_ses-1_task-videos_dir-AP_run-001_bold_mcf_corrected_flirt.nii.gz
ICC75,1,001,rest10,300.46234130859375,182.404541015625,107146,/lustre/disk/home/shared/cusacklab/foundcog/bids/derivatives/faizan_motion_correction_dataset/brain_masked_cropped_hfiltered_normalized_to_common_space/_subject_id_ICC75/_referencetype_standard/_run_001_session_1_task_name_rest10/sub-ICC75_ses-1_task-rest10_dir-AP_run-001_bold_mcf_corrected_flirt.nii.gz
ICC93,2,001,videos,259.9747009277344,142.43300323486324,107146,/lustre/disk/home/shared/cusacklab/foundcog/bids/derivatives/faizan_motion_correction_dataset/brain_masked_cropped_hfiltered_normalized_to_common_space/_subject_id_ICC93/_referencetype_standard/_run_001_session_2_task_name_videos/sub-ICC93_ses-2_task-videos_dir-AP_run-001_bold_mcf_corrected_flirt.nii.gz
ICC87,1,002,videos,267.2624206542969,199.01510429382324,107146,/lustre/disk/home/shared/cusacklab/foundcog/bids/derivatives/faizan_motion_correction_dataset/brain_masked_cropped_hfiltered_normalized_to_common_space/_subject_id_ICC87/_referencetype_standard/_run_002_session_1_task_name_videos/sub-ICC87_ses-1_task-videos_dir-AP_run-002_bold_mcf_corrected_flirt.nii.gz
ICC91,1,001,videos,275.11083984375,153.37365951538087,107146,/lustre/disk/home/shared/cusacklab/foundcog/bids/derivatives/faizan_motion_correction_dataset/brain_masked_cropped_hfiltered_normalized_to_common_space/_subject_id_ICC91/_referencetype_standard/_run_001_session_1_task_name_videos/sub-ICC91_ses-1_task-videos_dir-AP_run-001_bold_mcf_corrected_flirt.nii.gz
ICC87,1,003,videos,269.49267578125,196.16263580322266,107146,/lustre/disk/home/shared/cusacklab/foundcog/bids/derivatives/faizan_motion_correction_dataset/brain_masked_cropped_hfiltered_normalized_to_common_space/_subject_id_ICC87/_referencetype_standard/_run_003_session_1_task_name_videos/sub-ICC87_ses-1_task-videos_dir-AP_run-003_bold_mcf_corrected_flirt.nii.gz
ICC93,2,002,videos,254.095947265625,149.1039161682129,107146,/lustre/disk/home/shared/cusacklab/foundcog/bids/derivatives/faizan_motion_correction_dataset/brain_masked_cropped_hfiltered_normalized_to_common_space/_subject_id_ICC93/_referencetype_standard/_run_002_session_2_task_name_videos/sub-ICC93_ses-2_task-videos_dir-AP_run-002_bold_mcf_corrected_flirt.nii.gz
ICC89,1,002,videos,265.2773132324219,152.4051055908203,107146,/lustre/disk/home/shared/cusacklab/foundcog/bids/derivatives/faizan_motion_correction_dataset/brain_masked_cropped_hfiltered_normalized_to_common_space/_subject_id_ICC89/_referencetype_standard/_run_002_session_1_task_name_videos/sub-ICC89_ses-1_task-videos_dir-AP_run-002_bold_mcf_corrected_flirt.nii.gz
ICC89,2,001,videos,263.8752746582031,152.13146286010743,107146,/lustre/disk/home/shared/cusacklab/foundcog/bids/derivatives/faizan_motion_correction_dataset/brain_masked_cropped_hfiltered_normalized_to_common_space/_subject_id_ICC89/_referencetype_standard/_run_001_session_2_task_name_videos/sub-ICC89_ses-2_task-videos_dir-AP_run-001_bold_mcf_corrected_flirt.nii.gz
ICC91,2,001,videos,242.28656005859375,118.831354522705,107146,/lustre/disk/home/shared/cusacklab/foundcog/bids/derivatives/faizan_motion_correction_dataset/brain_masked_cropped_hfiltered_normalized_to_common_space/_subject_id_ICC91/_referencetype_standard/_run_001_session_2_task_name_videos/sub-ICC91_ses-2_task-videos_dir-AP_run-001_bold_mcf_corrected_flirt.nii.gz
ICC91,2,002,videos,237.27993774414062,111.60775756835938,107146,/lustre/disk/home/shared/cusacklab/foundcog/bids/derivatives/faizan_motion_correction_dataset/brain_masked_cropped_hfiltered_normalized_to_common_space/_subject_id_ICC91/_referencetype_standard/_run_002_session_2_task_name_videos/sub-ICC91_ses-2_task-videos_dir-AP_run-002_bold_mcf_corrected_flirt.nii.gz
ICN14,1,001,videos,270.6368408203125,163.96591339111325,107146,/lustre/disk/home/shared/cusacklab/foundcog/bids/derivatives/faizan_motion_correction_dataset/brain_masked_cropped_hfiltered_normalized_to_common_space/_subject_id_ICN14/_referencetype_standard/_run_001_session_1_task_name_videos/sub-ICN14_ses-1_task-videos_dir-AP_run-001_bold_mcf_corrected_flirt.nii.gz
ICC81,2,001,rest10,257.140380859375,172.16755752563478,107146,/lustre/disk/home/shared/cusacklab/foundcog/bids/derivatives/faizan_motion_correction_dataset/brain_masked_cropped_hfiltered_normalized_to_common_space/_subject_id_ICC81/_referencetype_standard/_run_001_session_2_task_name_rest10/sub-ICC81_ses-2_task-rest10_dir-AP_run-001_bold_mcf_corrected_flirt.nii.gz
ICC83,1,001,rest10,260.2774963378906,169.43687438964844,107146,/lustre/disk/home/shared/cusacklab/foundcog/bids/derivatives/faizan_motion_correction_dataset/brain_masked_cropped_hfiltered_normalized_to_common_space/_subject_id_ICC83/_referencetype_standard/_run_001_session_1_task_name_rest10/sub-ICC83_ses-1_task-rest10_dir-AP_run-001_bold_mcf_corrected_flirt.nii.gz
ICC93,1,001,videos,266.4512634277344,158.9274139404297,107146,/lustre/disk/home/shared/cusacklab/foundcog/bids/derivatives/faizan_motion_correction_dataset/brain_masked_cropped_hfiltered_normalized_to_common_space/_subject_id_ICC93/_referencetype_standard/_run_001_session_1_task_name_videos/sub-ICC93_ses-1_task-videos_dir-AP_run-001_bold_mcf_corrected_flirt.nii.gz
ICC93,2,003,videos,271.33233642578125,146.83208694458006,107146,/lustre/disk/home/shared/cusacklab/foundcog/bids/derivatives/faizan_motion_correction_dataset/brain_masked_cropped_hfiltered_normalized_to_common_space/_subject_id_ICC93/_referencetype_standard/_run_003_session_2_task_name_videos/sub-ICC93_ses-2_task-videos_dir-AP_run-003_bold_mcf_corrected_flirt.nii.gz
ICC85,1,001,rest10,253.97750854492188,149.7326972961426,107146,/lustre/disk/home/shared/cusacklab/foundcog/bids/derivatives/faizan_motion_correction_dataset/brain_masked_cropped_hfiltered_normalized_to_common_space/_subject_id_ICC85/_referencetype_standard/_run_001_session_1_task_name_rest10/sub-ICC85_ses-1_task-rest10_dir-AP_run-001_bold_mcf_corrected_flirt.nii.gz
ICC97,1,001,videos,257.9159240722656,143.66436080932618,107146,/lustre/disk/home/shared/cusacklab/foundcog/bids/derivatives/faizan_motion_correction_dataset/brain_masked_cropped_hfiltered_normalized_to_common_space/_subject_id_ICC97/_referencetype_standard/_run_001_session_1_task_name_videos/sub-ICC97_ses-1_task-videos_dir-AP_run-001_bold_mcf_corrected_flirt.nii.gz
ICC83A,1,001,rest10,427.5994567871094,205.91748352050774,113172,/lustre/disk/home/shared/cusacklab/foundcog/bids/derivatives/faizan_motion_correction_dataset/brain_masked_cropped_hfiltered_normalized_to_common_space/_subject_id_ICC83A/_referencetype_standard/_run_001_session_1_task_name_rest10/sub-ICC83A_ses-1_task-rest10_dir-AP_run-001_bold_mcf_corrected_flirt.nii.gz
ICC97,2,001,videos,264.5347595214844,145.400399017334,107146,/lustre/disk/home/shared/cusacklab/foundcog/bids/derivatives/faizan_motion_correction_dataset/brain_masked_cropped_hfiltered_normalized_to_common_space/_subject_id_ICC97/_referencetype_standard/_run_001_session_2_task_name_videos/sub-ICC97_ses-2_task-videos_dir-AP_run-001_bold_mcf_corrected_flirt.nii.gz
ICC97,1,002,videos,258.0322570800781,140.35862045288087,107146,/lustre/disk/home/shared/cusacklab/foundcog/bids/derivatives/faizan_motion_correction_dataset/brain_masked_cropped_hfiltered_normalized_to_common_space/_subject_id_ICC97/_referencetype_standard/_run_002_session_1_task_name_videos/sub-ICC97_ses-1_task-videos_dir-AP_run-002_bold_mcf_corrected_flirt.nii.gz
ICN2A,2,001,videos,470.663818359375,200.31681671142582,113172,/lustre/disk/home/shared/cusacklab/foundcog/bids/derivatives/faizan_motion_correction_dataset/brain_masked_cropped_hfiltered_normalized_to_common_space/_subject_id_ICN2A/_referencetype_standard/_run_001_session_2_task_name_videos/sub-ICN2A_ses-2_task-videos_dir-AP_run-001_bold_mcf_corrected_flirt.nii.gz
ICC87,2,001,rest10,271.078857421875,132.8672805786132,107146,/lustre/disk/home/shared/cusacklab/foundcog/bids/derivatives/faizan_motion_correction_dataset/brain_masked_cropped_hfiltered_normalized_to_common_space/_subject_id_ICC87/_referencetype_standard/_run_001_session_2_task_name_rest10/sub-ICC87_ses-2_task-rest10_dir-AP_run-001_bold_mcf_corrected_flirt.nii.gz
ICC85A,1,001,rest10,398.6712646484375,155.05606231689455,112802,/lustre/disk/home/shared/cusacklab/foundcog/bids/derivatives/faizan_motion_correction_dataset/brain_masked_cropped_hfiltered_normalized_to_common_space/_subject_id_ICC85A/_referencetype_standard/_run_001_session_1_task_name_rest10/sub-ICC85A_ses-1_task-rest10_dir-AP_run-001_bold_mcf_corrected_flirt.nii.gz
ICC97,2,002,videos,263.0492858886719,141.9025421142578,107146,/lustre/disk/home/shared/cusacklab/foundcog/bids/derivatives/faizan_motion_correction_dataset/brain_masked_cropped_hfiltered_normalized_to_common_space/_subject_id_ICC97/_referencetype_standard/_run_002_session_2_task_name_videos/sub-ICC97_ses-2_task-videos_dir-AP_run-002_bold_mcf_corrected_flirt.nii.gz
ICC97A,1,001,videos,393.7998352050781,187.10559234619143,113172,/lustre/disk/home/shared/cusacklab/foundcog/bids/derivatives/faizan_motion_correction_dataset/brain_masked_cropped_hfiltered_normalized_to_common_space/_subject_id_ICC97A/_referencetype_standard/_run_001_session_1_task_name_videos/sub-ICC97A_ses-1_task-videos_dir-AP_run-001_bold_mcf_corrected_flirt.nii.gz
ICC97A,1,002,videos,393.7270812988281,176.70166168212893,113172,/lustre/disk/home/shared/cusacklab/foundcog/bids/derivatives/faizan_motion_correction_dataset/brain_masked_cropped_hfiltered_normalized_to_common_space/_subject_id_ICC97A/_referencetype_standard/_run_002_session_1_task_name_videos/sub-ICC97A_ses-1_task-videos_dir-AP_run-002_bold_mcf_corrected_flirt.nii.gz
ICN14,2,001,videos,254.29714965820312,142.98296432495118,107146,/lustre/disk/home/shared/cusacklab/foundcog/bids/derivatives/faizan_motion_correction_dataset/brain_masked_cropped_hfiltered_normalized_to_common_space/_subject_id_ICN14/_referencetype_standard/_run_001_session_2_task_name_videos/sub-ICN14_ses-2_task-videos_dir-AP_run-001_bold_mcf_corrected_flirt.nii.gz
ICN46,1,002,videos,253.47952270507812,143.9701705932617,107146,/lustre/disk/home/shared/cusacklab/foundcog/bids/derivatives/faizan_motion_correction_dataset/brain_masked_cropped_hfiltered_normalized_to_common_space/_subject_id_ICN46/_referencetype_standard/_run_002_session_1_task_name_videos/sub-ICN46_ses-1_task-videos_dir-AP_run-002_bold_mcf_corrected_flirt.nii.gz
ICN14,1,002,videos,271.54290771484375,163.1358688354492,107146,/lustre/disk/home/shared/cusacklab/foundcog/bids/derivatives/faizan_motion_correction_dataset/brain_masked_cropped_hfiltered_normalized_to_common_space/_subject_id_ICN14/_referencetype_standard/_run_002_session_1_task_name_videos/sub-ICN14_ses-1_task-videos_dir-AP_run-002_bold_mcf_corrected_flirt.nii.gz
ICN2,1,001,videos,299.1656494140625,151.20206069946278,107146,/lustre/disk/home/shared/cusacklab/foundcog/bids/derivatives/faizan_motion_correction_dataset/brain_masked_cropped_hfiltered_normalized_to_common_space/_subject_id_ICN2/_referencetype_standard/_run_001_session_1_task_name_videos/sub-ICN2_ses-1_task-videos_dir-AP_run-001_bold_mcf_corrected_flirt.nii.gz
ICN18,1,003,videos,246.20196533203125,147.7229423522948,107146,/lustre/disk/home/shared/cusacklab/foundcog/bids/derivatives/faizan_motion_correction_dataset/brain_masked_cropped_hfiltered_normalized_to_common_space/_subject_id_ICN18/_referencetype_standard/_run_003_session_1_task_name_videos/sub-ICN18_ses-1_task-videos_dir-AP_run-003_bold_mcf_corrected_flirt.nii.gz
ICN14A,1,001,videos,397.8800048828125,173.69693298339837,113158,/lustre/disk/home/shared/cusacklab/foundcog/bids/derivatives/faizan_motion_correction_dataset/brain_masked_cropped_hfiltered_normalized_to_common_space/_subject_id_ICN14A/_referencetype_standard/_run_001_session_1_task_name_videos/sub-ICN14A_ses-1_task-videos_dir-AP_run-001_bold_mcf_corrected_flirt.nii.gz
ICN18,1,001,videos,245.31362915039062,148.4115089416503,107146,/lustre/disk/home/shared/cusacklab/foundcog/bids/derivatives/faizan_motion_correction_dataset/brain_masked_cropped_hfiltered_normalized_to_common_space/_subject_id_ICN18/_referencetype_standard/_run_001_session_1_task_name_videos/sub-ICN18_ses-1_task-videos_dir-AP_run-001_bold_mcf_corrected_flirt.nii.gz
ICC89,2,001,rest10,266.1505126953125,161.11584625244132,107146,/lustre/disk/home/shared/cusacklab/foundcog/bids/derivatives/faizan_motion_correction_dataset/brain_masked_cropped_hfiltered_normalized_to_common_space/_subject_id_ICC89/_referencetype_standard/_run_001_session_2_task_name_rest10/sub-ICC89_ses-2_task-rest10_dir-AP_run-001_bold_mcf_corrected_flirt.nii.gz
ICC91,1,001,rest10,277.486083984375,160.7536476135254,107146,/lustre/disk/home/shared/cusacklab/foundcog/bids/derivatives/faizan_motion_correction_dataset/brain_masked_cropped_hfiltered_normalized_to_common_space/_subject_id_ICC91/_referencetype_standard/_run_001_session_1_task_name_rest10/sub-ICC91_ses-1_task-rest10_dir-AP_run-001_bold_mcf_corrected_flirt.nii.gz
ICN14A,1,002,videos,390.90997314453125,171.30323944091788,113166,/lustre/disk/home/shared/cusacklab/foundcog/bids/derivatives/faizan_motion_correction_dataset/brain_masked_cropped_hfiltered_normalized_to_common_space/_subject_id_ICN14A/_referencetype_standard/_run_002_session_1_task_name_videos/sub-ICN14A_ses-1_task-videos_dir-AP_run-002_bold_mcf_corrected_flirt.nii.gz
ICN18,1,004,videos,246.52706909179688,146.6751792907715,107146,/lustre/disk/home/shared/cusacklab/foundcog/bids/derivatives/faizan_motion_correction_dataset/brain_masked_cropped_hfiltered_normalized_to_common_space/_subject_id_ICN18/_referencetype_standard/_run_004_session_1_task_name_videos/sub-ICN18_ses-1_task-videos_dir-AP_run-004_bold_mcf_corrected_flirt.nii.gz
ICN2,2,001,videos,299.647705078125,228.60841369628906,107146,/lustre/disk/home/shared/cusacklab/foundcog/bids/derivatives/faizan_motion_correction_dataset/brain_masked_cropped_hfiltered_normalized_to_common_space/_subject_id_ICN2/_referencetype_standard/_run_001_session_2_task_name_videos/sub-ICN2_ses-2_task-videos_dir-AP_run-001_bold_mcf_corrected_flirt.nii.gz
ICN48,1,001,videos,250.3217315673828,159.06903076171875,107146,/lustre/disk/home/shared/cusacklab/foundcog/bids/derivatives/faizan_motion_correction_dataset/brain_masked_cropped_hfiltered_normalized_to_common_space/_subject_id_ICN48/_referencetype_standard/_run_001_session_1_task_name_videos/sub-ICN48_ses-1_task-videos_dir-AP_run-001_bold_mcf_corrected_flirt.nii.gz
ICN46,1,001,videos,258.0017395019531,146.655037689209,107146,/lustre/disk/home/shared/cusacklab/foundcog/bids/derivatives/faizan_motion_correction_dataset/brain_masked_cropped_hfiltered_normalized_to_common_space/_subject_id_ICN46/_referencetype_standard/_run_001_session_1_task_name_videos/sub-ICN46_ses-1_task-videos_dir-AP_run-001_bold_mcf_corrected_flirt.nii.gz
ICN2A,1,001,videos,460.06146240234375,206.45090179443355,113172,/lustre/disk/home/shared/cusacklab/foundcog/bids/derivatives/faizan_motion_correction_dataset/brain_masked_cropped_hfiltered_normalized_to_common_space/_subject_id_ICN2A/_referencetype_standard/_run_001_session_1_task_name_videos/sub-ICN2A_ses-1_task-videos_dir-AP_run-001_bold_mcf_corrected_flirt.nii.gz
ICN2A,1,002,videos,459.7073974609375,202.88015747070312,113172,/lustre/disk/home/shared/cusacklab/foundcog/bids/derivatives/faizan_motion_correction_dataset/brain_masked_cropped_hfiltered_normalized_to_common_space/_subject_id_ICN2A/_referencetype_standard/_run_002_session_1_task_name_videos/sub-ICN2A_ses-1_task-videos_dir-AP_run-002_bold_mcf_corrected_flirt.nii.gz
ICN46,2,001,videos,251.9378662109375,161.21720199584962,107146,/lustre/disk/home/shared/cusacklab/foundcog/bids/derivatives/faizan_motion_correction_dataset/brain_masked_cropped_hfiltered_normalized_to_common_space/_subject_id_ICN46/_referencetype_standard/_run_001_session_2_task_name_videos/sub-ICN46_ses-2_task-videos_dir-AP_run-001_bold_mcf_corrected_flirt.nii.gz
ICN48,2,001,videos,234.6365509033203,112.79115447998046,107146,/lustre/disk/home/shared/cusacklab/foundcog/bids/derivatives/faizan_motion_correction_dataset/brain_masked_cropped_hfiltered_normalized_to_common_space/_subject_id_ICN48/_referencetype_standard/_run_001_session_2_task_name_videos/sub-ICN48_ses-2_task-videos_dir-AP_run-001_bold_mcf_corrected_flirt.nii.gz
ICN2A,2,002,videos,463.98114013671875,207.16259765625,113172,/lustre/disk/home/shared/cusacklab/foundcog/bids/derivatives/faizan_motion_correction_dataset/brain_masked_cropped_hfiltered_normalized_to_common_space/_subject_id_ICN2A/_referencetype_standard/_run_002_session_2_task_name_videos/sub-ICN2A_ses-2_task-videos_dir-AP_run-002_bold_mcf_corrected_flirt.nii.gz
ICN50,1,001,videos,262.5125732421875,158.82081604003906,107146,/lustre/disk/home/shared/cusacklab/foundcog/bids/derivatives/faizan_motion_correction_dataset/brain_masked_cropped_hfiltered_normalized_to_common_space/_subject_id_ICN50/_referencetype_standard/_run_001_session_1_task_name_videos/sub-ICN50_ses-1_task-videos_dir-AP_run-001_bold_mcf_corrected_flirt.nii.gz
ICC93,1,001,rest10,265.8536682128906,164.67579727172853,107146,/lustre/disk/home/shared/cusacklab/foundcog/bids/derivatives/faizan_motion_correction_dataset/brain_masked_cropped_hfiltered_normalized_to_common_space/_subject_id_ICC93/_referencetype_standard/_run_001_session_1_task_name_rest10/sub-ICC93_ses-1_task-rest10_dir-AP_run-001_bold_mcf_corrected_flirt.nii.gz
IRC109,1,002,videos,302.00244140625,196.07616271972654,107146,/lustre/disk/home/shared/cusacklab/foundcog/bids/derivatives/faizan_motion_correction_dataset/brain_masked_cropped_hfiltered_normalized_to_common_space/_subject_id_IRC109/_referencetype_standard/_run_002_session_1_task_name_videos/sub-IRC109_ses-1_task-videos_dir-AP_run-002_bold_mcf_corrected_flirt.nii.gz
ICN8,1,001,videos,290.1752014160156,198.65680770874025,107146,/lustre/disk/home/shared/cusacklab/foundcog/bids/derivatives/faizan_motion_correction_dataset/brain_masked_cropped_hfiltered_normalized_to_common_space/_subject_id_ICN8/_referencetype_standard/_run_001_session_1_task_name_videos/sub-ICN8_ses-1_task-videos_dir-AP_run-001_bold_mcf_corrected_flirt.nii.gz
ICN50,1,003,videos,247.02284240722656,164.53408813476562,107146,/lustre/disk/home/shared/cusacklab/foundcog/bids/derivatives/faizan_motion_correction_dataset/brain_masked_cropped_hfiltered_normalized_to_common_space/_subject_id_ICN50/_referencetype_standard/_run_003_session_1_task_name_videos/sub-ICN50_ses-1_task-videos_dir-AP_run-003_bold_mcf_corrected_flirt.nii.gz
ICN14A,1,001,rest10,396.3135986328125,156.46435699462893,113172,/lustre/disk/home/shared/cusacklab/foundcog/bids/derivatives/faizan_motion_correction_dataset/brain_masked_cropped_hfiltered_normalized_to_common_space/_subject_id_ICN14A/_referencetype_standard/_run_001_session_1_task_name_rest10/sub-ICN14A_ses-1_task-rest10_dir-AP_run-001_bold_mcf_corrected_flirt.nii.gz
IRC119A,1,001,videos,407.7716369628906,188.3400329589843,113172,/lustre/disk/home/shared/cusacklab/foundcog/bids/derivatives/faizan_motion_correction_dataset/brain_masked_cropped_hfiltered_normalized_to_common_space/_subject_id_IRC119A/_referencetype_standard/_run_001_session_1_task_name_videos/sub-IRC119A_ses-1_task-videos_dir-AP_run-001_bold_mcf_corrected_flirt.nii.gz
ICN8,1,002,videos,277.3594665527344,191.78098373413087,107146,/lustre/disk/home/shared/cusacklab/foundcog/bids/derivatives/faizan_motion_correction_dataset/brain_masked_cropped_hfiltered_normalized_to_common_space/_subject_id_ICN8/_referencetype_standard/_run_002_session_1_task_name_videos/sub-ICN8_ses-1_task-videos_dir-AP_run-002_bold_mcf_corrected_flirt.nii.gz
ICN8,2,001,videos,259.982666015625,184.52113418579103,107146,/lustre/disk/home/shared/cusacklab/foundcog/bids/derivatives/faizan_motion_correction_dataset/brain_masked_cropped_hfiltered_normalized_to_common_space/_subject_id_ICN8/_referencetype_standard/_run_001_session_2_task_name_videos/sub-ICN8_ses-2_task-videos_dir-AP_run-001_bold_mcf_corrected_flirt.nii.gz
IRC13,2,001,videos,268.9805908203125,147.22642745971675,107146,/lustre/disk/home/shared/cusacklab/foundcog/bids/derivatives/faizan_motion_correction_dataset/brain_masked_cropped_hfiltered_normalized_to_common_space/_subject_id_IRC13/_referencetype_standard/_run_001_session_2_task_name_videos/sub-IRC13_ses-2_task-videos_dir-AP_run-001_bold_mcf_corrected_flirt.nii.gz
IRC119A,1,003,videos,411.89532470703125,199.78563690185547,113172,/lustre/disk/home/shared/cusacklab/foundcog/bids/derivatives/faizan_motion_correction_dataset/brain_masked_cropped_hfiltered_normalized_to_common_space/_subject_id_IRC119A/_referencetype_standard/_run_003_session_1_task_name_videos/sub-IRC119A_ses-1_task-videos_dir-AP_run-003_bold_mcf_corrected_flirt.nii.gz
ICN14,1,001,rest10,273.1286926269531,165.21502761840821,107146,/lustre/disk/home/shared/cusacklab/foundcog/bids/derivatives/faizan_motion_correction_dataset/brain_masked_cropped_hfiltered_normalized_to_common_space/_subject_id_ICN14/_referencetype_standard/_run_001_session_1_task_name_rest10/sub-ICN14_ses-1_task-rest10_dir-AP_run-001_bold_mcf_corrected_flirt.nii.gz
IRC13,2,002,videos,269.7065124511719,161.38981246948242,107146,/lustre/disk/home/shared/cusacklab/foundcog/bids/derivatives/faizan_motion_correction_dataset/brain_masked_cropped_hfiltered_normalized_to_common_space/_subject_id_IRC13/_referencetype_standard/_run_002_session_2_task_name_videos/sub-IRC13_ses-2_task-videos_dir-AP_run-002_bold_mcf_corrected_flirt.nii.gz
IRC109,1,001,videos,301.6024169921875,200.81639251708984,107146,/lustre/disk/home/shared/cusacklab/foundcog/bids/derivatives/faizan_motion_correction_dataset/brain_masked_cropped_hfiltered_normalized_to_common_space/_subject_id_IRC109/_referencetype_standard/_run_001_session_1_task_name_videos/sub-IRC109_ses-1_task-videos_dir-AP_run-001_bold_mcf_corrected_flirt.nii.gz
IRC109,2,001,videos,282.5294189453125,158.7030059814453,107146,/lustre/disk/home/shared/cusacklab/foundcog/bids/derivatives/faizan_motion_correction_dataset/brain_masked_cropped_hfiltered_normalized_to_common_space/_subject_id_IRC109/_referencetype_standard/_run_001_session_2_task_name_videos/sub-IRC109_ses-2_task-videos_dir-AP_run-001_bold_mcf_corrected_flirt.nii.gz
ICN8A,1,001,videos,362.0380554199219,173.16737518310546,113172,/lustre/disk/home/shared/cusacklab/foundcog/bids/derivatives/faizan_motion_correction_dataset/brain_masked_cropped_hfiltered_normalized_to_common_space/_subject_id_ICN8A/_referencetype_standard/_run_001_session_1_task_name_videos/sub-ICN8A_ses-1_task-videos_dir-AP_run-001_bold_mcf_corrected_flirt.nii.gz
ICN8A,1,002,videos,359.9014892578125,168.58712768554688,113172,/lustre/disk/home/shared/cusacklab/foundcog/bids/derivatives/faizan_motion_correction_dataset/brain_masked_cropped_hfiltered_normalized_to_common_space/_subject_id_ICN8A/_referencetype_standard/_run_002_session_1_task_name_videos/sub-ICN8A_ses-1_task-videos_dir-AP_run-002_bold_mcf_corrected_flirt.nii.gz
IRC119,1,001,videos,256.3370056152344,170.11271743774415,107116,/lustre/disk/home/shared/cusacklab/foundcog/bids/derivatives/faizan_motion_correction_dataset/brain_masked_cropped_hfiltered_normalized_to_common_space/_subject_id_IRC119/_referencetype_standard/_run_001_session_1_task_name_videos/sub-IRC119_ses-1_task-videos_dir-AP_run-001_bold_mcf_corrected_flirt.nii.gz
IRC119,1,002,videos,258.7792053222656,170.631103515625,107146,/lustre/disk/home/shared/cusacklab/foundcog/bids/derivatives/faizan_motion_correction_dataset/brain_masked_cropped_hfiltered_normalized_to_common_space/_subject_id_IRC119/_referencetype_standard/_run_002_session_1_task_name_videos/sub-IRC119_ses-1_task-videos_dir-AP_run-002_bold_mcf_corrected_flirt.nii.gz
IRC119,2,001,videos,256.9366149902344,123.67765808105469,107146,/lustre/disk/home/shared/cusacklab/foundcog/bids/derivatives/faizan_motion_correction_dataset/brain_masked_cropped_hfiltered_normalized_to_common_space/_subject_id_IRC119/_referencetype_standard/_run_001_session_2_task_name_videos/sub-IRC119_ses-2_task-videos_dir-AP_run-001_bold_mcf_corrected_flirt.nii.gz
ICN2,1,001,rest10,300.2956848144531,153.06674194335938,107146,/lustre/disk/home/shared/cusacklab/foundcog/bids/derivatives/faizan_motion_correction_dataset/brain_masked_cropped_hfiltered_normalized_to_common_space/_subject_id_ICN2/_referencetype_standard/_run_001_session_1_task_name_rest10/sub-ICN2_ses-1_task-rest10_dir-AP_run-001_bold_mcf_corrected_flirt.nii.gz
IRC19A,1,001,videos,467.57489013671875,215.91086273193355,112305,/lustre/disk/home/shared/cusacklab/foundcog/bids/derivatives/faizan_motion_correction_dataset/brain_masked_cropped_hfiltered_normalized_to_common_space/_subject_id_IRC19A/_referencetype_standard/_run_001_session_1_task_name_videos/sub-IRC19A_ses-1_task-videos_dir-AP_run-001_bold_mcf_corrected_flirt.nii.gz
IRC19A,1,004,videos,415.42596435546875,171.55359649658197,113162,/lustre/disk/home/shared/cusacklab/foundcog/bids/derivatives/faizan_motion_correction_dataset/brain_masked_cropped_hfiltered_normalized_to_common_space/_subject_id_IRC19A/_referencetype_standard/_run_004_session_1_task_name_videos/sub-IRC19A_ses-1_task-videos_dir-AP_run-004_bold_mcf_corrected_flirt.nii.gz
ICN50,1,001,rest10,252.78932189941406,177.20448379516603,107146,/lustre/disk/home/shared/cusacklab/foundcog/bids/derivatives/faizan_motion_correction_dataset/brain_masked_cropped_hfiltered_normalized_to_common_space/_subject_id_ICN50/_referencetype_standard/_run_001_session_1_task_name_rest10/sub-ICN50_ses-1_task-rest10_dir-AP_run-001_bold_mcf_corrected_flirt.nii.gz
IRC119A,1,002,videos,414.2987365722656,209.33612518310542,113172,/lustre/disk/home/shared/cusacklab/foundcog/bids/derivatives/faizan_motion_correction_dataset/brain_masked_cropped_hfiltered_normalized_to_common_space/_subject_id_IRC119A/_referencetype_standard/_run_002_session_1_task_name_videos/sub-IRC119A_ses-1_task-videos_dir-AP_run-002_bold_mcf_corrected_flirt.nii.gz
IRC13,1,001,videos,258.69598388671875,168.39943771362306,107146,/lustre/disk/home/shared/cusacklab/foundcog/bids/derivatives/faizan_motion_correction_dataset/brain_masked_cropped_hfiltered_normalized_to_common_space/_subject_id_IRC13/_referencetype_standard/_run_001_session_1_task_name_videos/sub-IRC13_ses-1_task-videos_dir-AP_run-001_bold_mcf_corrected_flirt.nii.gz
IRC17,1,001,videos,298.1127624511719,176.7829246520995,107146,/lustre/disk/home/shared/cusacklab/foundcog/bids/derivatives/faizan_motion_correction_dataset/brain_masked_cropped_hfiltered_normalized_to_common_space/_subject_id_IRC17/_referencetype_standard/_run_001_session_1_task_name_videos/sub-IRC17_ses-1_task-videos_dir-AP_run-001_bold_mcf_corrected_flirt.nii.gz
IRC19A,1,002,videos,468.157958984375,218.01320037841793,112234,/lustre/disk/home/shared/cusacklab/foundcog/bids/derivatives/faizan_motion_correction_dataset/brain_masked_cropped_hfiltered_normalized_to_common_space/_subject_id_IRC19A/_referencetype_standard/_run_002_session_1_task_name_videos/sub-IRC19A_ses-1_task-videos_dir-AP_run-002_bold_mcf_corrected_flirt.nii.gz
IRC17,1,002,videos,295.3209228515625,208.4801956176757,107146,/lustre/disk/home/shared/cusacklab/foundcog/bids/derivatives/faizan_motion_correction_dataset/brain_masked_cropped_hfiltered_normalized_to_common_space/_subject_id_IRC17/_referencetype_standard/_run_002_session_1_task_name_videos/sub-IRC17_ses-1_task-videos_dir-AP_run-002_bold_mcf_corrected_flirt.nii.gz
ICN48,1,001,rest10,256.6597595214844,144.89613418579103,107146,/lustre/disk/home/shared/cusacklab/foundcog/bids/derivatives/faizan_motion_correction_dataset/brain_masked_cropped_hfiltered_normalized_to_common_space/_subject_id_ICN48/_referencetype_standard/_run_001_session_1_task_name_rest10/sub-ICN48_ses-1_task-rest10_dir-AP_run-001_bold_mcf_corrected_flirt.nii.gz
IRC17A,1,002,videos,403.7403259277344,168.56726226806632,113172,/lustre/disk/home/shared/cusacklab/foundcog/bids/derivatives/faizan_motion_correction_dataset/brain_masked_cropped_hfiltered_normalized_to_common_space/_subject_id_IRC17A/_referencetype_standard/_run_002_session_1_task_name_videos/sub-IRC17A_ses-1_task-videos_dir-AP_run-002_bold_mcf_corrected_flirt.nii.gz
IRC17A,1,001,videos,405.0901184082031,188.34432983398438,113172,/lustre/disk/home/shared/cusacklab/foundcog/bids/derivatives/faizan_motion_correction_dataset/brain_masked_cropped_hfiltered_normalized_to_common_space/_subject_id_IRC17A/_referencetype_standard/_run_001_session_1_task_name_videos/sub-IRC17A_ses-1_task-videos_dir-AP_run-001_bold_mcf_corrected_flirt.nii.gz
IRC19,2,001,videos,286.761962890625,157.86399154663087,107146,/lustre/disk/home/shared/cusacklab/foundcog/bids/derivatives/faizan_motion_correction_dataset/brain_masked_cropped_hfiltered_normalized_to_common_space/_subject_id_IRC19/_referencetype_standard/_run_001_session_2_task_name_videos/sub-IRC19_ses-2_task-videos_dir-AP_run-001_bold_mcf_corrected_flirt.nii.gz
ICN8A,1,001,rest10,364.4736633300781,166.31732482910155,113172,/lustre/disk/home/shared/cusacklab/foundcog/bids/derivatives/faizan_motion_correction_dataset/brain_masked_cropped_hfiltered_normalized_to_common_space/_subject_id_ICN8A/_referencetype_standard/_run_001_session_1_task_name_rest10/sub-ICN8A_ses-1_task-rest10_dir-AP_run-001_bold_mcf_corrected_flirt.nii.gz
IRC19,1,001,videos,277.7300109863281,185.1744400024414,107146,/lustre/disk/home/shared/cusacklab/foundcog/bids/derivatives/faizan_motion_correction_dataset/brain_masked_cropped_hfiltered_normalized_to_common_space/_subject_id_IRC19/_referencetype_standard/_run_001_session_1_task_name_videos/sub-IRC19_ses-1_task-videos_dir-AP_run-001_bold_mcf_corrected_flirt.nii.gz
IRC19,2,002,videos,287.5775451660156,164.1454277038573,107146,/lustre/disk/home/shared/cusacklab/foundcog/bids/derivatives/faizan_motion_correction_dataset/brain_masked_cropped_hfiltered_normalized_to_common_space/_subject_id_IRC19/_referencetype_standard/_run_002_session_2_task_name_videos/sub-IRC19_ses-2_task-videos_dir-AP_run-002_bold_mcf_corrected_flirt.nii.gz
IRC29,1,001,videos,284.0478515625,172.90253982543945,107146,/lustre/disk/home/shared/cusacklab/foundcog/bids/derivatives/faizan_motion_correction_dataset/brain_masked_cropped_hfiltered_normalized_to_common_space/_subject_id_IRC29/_referencetype_standard/_run_001_session_1_task_name_videos/sub-IRC29_ses-1_task-videos_dir-AP_run-001_bold_mcf_corrected_flirt.nii.gz
ICN8,1,001,rest10,256.89447021484375,154.20140075683594,107146,/lustre/disk/home/shared/cusacklab/foundcog/bids/derivatives/faizan_motion_correction_dataset/brain_masked_cropped_hfiltered_normalized_to_common_space/_subject_id_ICN8/_referencetype_standard/_run_001_session_1_task_name_rest10/sub-ICN8_ses-1_task-rest10_dir-AP_run-001_bold_mcf_corrected_flirt.nii.gz
IRC29,2,002,videos,277.4557800292969,151.8574737548827,107146,/lustre/disk/home/shared/cusacklab/foundcog/bids/derivatives/faizan_motion_correction_dataset/brain_masked_cropped_hfiltered_normalized_to_common_space/_subject_id_IRC29/_referencetype_standard/_run_002_session_2_task_name_videos/sub-IRC29_ses-2_task-videos_dir-AP_run-002_bold_mcf_corrected_flirt.nii.gz
IRC21,1,001,videos,285.12139892578125,176.95709533691397,107146,/lustre/disk/home/shared/cusacklab/foundcog/bids/derivatives/faizan_motion_correction_dataset/brain_masked_cropped_hfiltered_normalized_to_common_space/_subject_id_IRC21/_referencetype_standard/_run_001_session_1_task_name_videos/sub-IRC21_ses-1_task-videos_dir-AP_run-001_bold_mcf_corrected_flirt.nii.gz
IRC25,1,001,videos,290.03472900390625,171.5459457397461,107146,/lustre/disk/home/shared/cusacklab/foundcog/bids/derivatives/faizan_motion_correction_dataset/brain_masked_cropped_hfiltered_normalized_to_common_space/_subject_id_IRC25/_referencetype_standard/_run_001_session_1_task_name_videos/sub-IRC25_ses-1_task-videos_dir-AP_run-001_bold_mcf_corrected_flirt.nii.gz
IRC25,1,002,videos,289.45196533203125,166.42687301635743,107146,/lustre/disk/home/shared/cusacklab/foundcog/bids/derivatives/faizan_motion_correction_dataset/brain_masked_cropped_hfiltered_normalized_to_common_space/_subject_id_IRC25/_referencetype_standard/_run_002_session_1_task_name_videos/sub-IRC25_ses-1_task-videos_dir-AP_run-002_bold_mcf_corrected_flirt.nii.gz
IRC21,1,002,videos,287.60845947265625,166.78522567749025,107146,/lustre/disk/home/shared/cusacklab/foundcog/bids/derivatives/faizan_motion_correction_dataset/brain_masked_cropped_hfiltered_normalized_to_common_space/_subject_id_IRC21/_referencetype_standard/_run_002_session_1_task_name_videos/sub-IRC21_ses-1_task-videos_dir-AP_run-002_bold_mcf_corrected_flirt.nii.gz
IRC25,2,001,videos,299.1236877441406,194.91172103881837,107146,/lustre/disk/home/shared/cusacklab/foundcog/bids/derivatives/faizan_motion_correction_dataset/brain_masked_cropped_hfiltered_normalized_to_common_space/_subject_id_IRC25/_referencetype_standard/_run_001_session_2_task_name_videos/sub-IRC25_ses-2_task-videos_dir-AP_run-001_bold_mcf_corrected_flirt.nii.gz
IRC21,2,001,videos,271.80731201171875,167.52606201171875,107146,/lustre/disk/home/shared/cusacklab/foundcog/bids/derivatives/faizan_motion_correction_dataset/brain_masked_cropped_hfiltered_normalized_to_common_space/_subject_id_IRC21/_referencetype_standard/_run_001_session_2_task_name_videos/sub-IRC21_ses-2_task-videos_dir-AP_run-001_bold_mcf_corrected_flirt.nii.gz
IRC3,1,001,videos,258.9945373535156,132.57903060913085,107146,/lustre/disk/home/shared/cusacklab/foundcog/bids/derivatives/faizan_motion_correction_dataset/brain_masked_cropped_hfiltered_normalized_to_common_space/_subject_id_IRC3/_referencetype_standard/_run_001_session_1_task_name_videos/sub-IRC3_ses-1_task-videos_dir-AP_run-001_bold_mcf_corrected_flirt.nii.gz
IRC31,2,001,videos,274.99176025390625,155.94178924560546,107146,/lustre/disk/home/shared/cusacklab/foundcog/bids/derivatives/faizan_motion_correction_dataset/brain_masked_cropped_hfiltered_normalized_to_common_space/_subject_id_IRC31/_referencetype_standard/_run_001_session_2_task_name_videos/sub-IRC31_ses-2_task-videos_dir-AP_run-001_bold_mcf_corrected_flirt.nii.gz
IRC13,1,001,rest10,258.9006652832031,161.85594177246094,107146,/lustre/disk/home/shared/cusacklab/foundcog/bids/derivatives/faizan_motion_correction_dataset/brain_masked_cropped_hfiltered_normalized_to_common_space/_subject_id_IRC13/_referencetype_standard/_run_001_session_1_task_name_rest10/sub-IRC13_ses-1_task-rest10_dir-AP_run-001_bold_mcf_corrected_flirt.nii.gz
IRC3A,1,003,videos,397.7818908691406,184.31587371826168,113172,/lustre/disk/home/shared/cusacklab/foundcog/bids/derivatives/faizan_motion_correction_dataset/brain_masked_cropped_hfiltered_normalized_to_common_space/_subject_id_IRC3A/_referencetype_standard/_run_003_session_1_task_name_videos/sub-IRC3A_ses-1_task-videos_dir-AP_run-003_bold_mcf_corrected_flirt.nii.gz
IRC27,2,001,videos,263.03814697265625,156.47842102050782,107145,/lustre/disk/home/shared/cusacklab/foundcog/bids/derivatives/faizan_motion_correction_dataset/brain_masked_cropped_hfiltered_normalized_to_common_space/_subject_id_IRC27/_referencetype_standard/_run_001_session_2_task_name_videos/sub-IRC27_ses-2_task-videos_dir-AP_run-001_bold_mcf_corrected_flirt.nii.gz
IRC109,1,001,rest10,301.0486755371094,200.60141067504884,107146,/lustre/disk/home/shared/cusacklab/foundcog/bids/derivatives/faizan_motion_correction_dataset/brain_masked_cropped_hfiltered_normalized_to_common_space/_subject_id_IRC109/_referencetype_standard/_run_001_session_1_task_name_rest10/sub-IRC109_ses-1_task-rest10_dir-AP_run-001_bold_mcf_corrected_flirt.nii.gz
IRC27,1,001,videos,275.29510498046875,142.853318786621,107146,/lustre/disk/home/shared/cusacklab/foundcog/bids/derivatives/faizan_motion_correction_dataset/brain_masked_cropped_hfiltered_normalized_to_common_space/_subject_id_IRC27/_referencetype_standard/_run_001_session_1_task_name_videos/sub-IRC27_ses-1_task-videos_dir-AP_run-001_bold_mcf_corrected_flirt.nii.gz
IRC29,2,001,videos,280.3134765625,164.1118621826172,107146,/lustre/disk/home/shared/cusacklab/foundcog/bids/derivatives/faizan_motion_correction_dataset/brain_masked_cropped_hfiltered_normalized_to_common_space/_subject_id_IRC29/_referencetype_standard/_run_001_session_2_task_name_videos/sub-IRC29_ses-2_task-videos_dir-AP_run-001_bold_mcf_corrected_flirt.nii.gz
IRC27A,1,002,videos,405.6494140625,176.8600784301757,113172,/lustre/disk/home/shared/cusacklab/foundcog/bids/derivatives/faizan_motion_correction_dataset/brain_masked_cropped_hfiltered_normalized_to_common_space/_subject_id_IRC27A/_referencetype_standard/_run_002_session_1_task_name_videos/sub-IRC27A_ses-1_task-videos_dir-AP_run-002_bold_mcf_corrected_flirt.nii.gz
IRC3A,1,002,videos,396.7191467285156,176.45695037841784,113172,/lustre/disk/home/shared/cusacklab/foundcog/bids/derivatives/faizan_motion_correction_dataset/brain_masked_cropped_hfiltered_normalized_to_common_space/_subject_id_IRC3A/_referencetype_standard/_run_002_session_1_task_name_videos/sub-IRC3A_ses-1_task-videos_dir-AP_run-002_bold_mcf_corrected_flirt.nii.gz
IRC27A,1,001,videos,398.4258728027344,172.70211791992188,113172,/lustre/disk/home/shared/cusacklab/foundcog/bids/derivatives/faizan_motion_correction_dataset/brain_masked_cropped_hfiltered_normalized_to_common_space/_subject_id_IRC27A/_referencetype_standard/_run_001_session_1_task_name_videos/sub-IRC27A_ses-1_task-videos_dir-AP_run-001_bold_mcf_corrected_flirt.nii.gz
IRC41A,1,003,videos,424.30584716796875,208.88037261962893,113168,/lustre/disk/home/shared/cusacklab/foundcog/bids/derivatives/faizan_motion_correction_dataset/brain_masked_cropped_hfiltered_normalized_to_common_space/_subject_id_IRC41A/_referencetype_standard/_run_003_session_1_task_name_videos/sub-IRC41A_ses-1_task-videos_dir-AP_run-003_bold_mcf_corrected_flirt.nii.gz
IRC29,1,002,videos,275.8778076171875,166.37670211791993,107146,/lustre/disk/home/shared/cusacklab/foundcog/bids/derivatives/faizan_motion_correction_dataset/brain_masked_cropped_hfiltered_normalized_to_common_space/_subject_id_IRC29/_referencetype_standard/_run_002_session_1_task_name_videos/sub-IRC29_ses-1_task-videos_dir-AP_run-002_bold_mcf_corrected_flirt.nii.gz
IRC29A,1,001,videos,434.2609558105469,210.361148071289,113172,/lustre/disk/home/shared/cusacklab/foundcog/bids/derivatives/faizan_motion_correction_dataset/brain_masked_cropped_hfiltered_normalized_to_common_space/_subject_id_IRC29A/_referencetype_standard/_run_001_session_1_task_name_videos/sub-IRC29A_ses-1_task-videos_dir-AP_run-001_bold_mcf_corrected_flirt.nii.gz
IRC3,1,001,rest10,256.87298583984375,133.63089447021486,107146,/lustre/disk/home/shared/cusacklab/foundcog/bids/derivatives/faizan_motion_correction_dataset/brain_masked_cropped_hfiltered_normalized_to_common_space/_subject_id_IRC3/_referencetype_standard/_run_001_session_1_task_name_rest10/sub-IRC3_ses-1_task-rest10_dir-AP_run-001_bold_mcf_corrected_flirt.nii.gz
IRC3,1,002,videos,256.73236083984375,125.99451828002918,107146,/lustre/disk/home/shared/cusacklab/foundcog/bids/derivatives/faizan_motion_correction_dataset/brain_masked_cropped_hfiltered_normalized_to_common_space/_subject_id_IRC3/_referencetype_standard/_run_002_session_1_task_name_videos/sub-IRC3_ses-1_task-videos_dir-AP_run-002_bold_mcf_corrected_flirt.nii.gz
IRC19,1,001,rest10,272.91485595703125,177.58355712890625,107146,/lustre/disk/home/shared/cusacklab/foundcog/bids/derivatives/faizan_motion_correction_dataset/brain_masked_cropped_hfiltered_normalized_to_common_space/_subject_id_IRC19/_referencetype_standard/_run_001_session_1_task_name_rest10/sub-IRC19_ses-1_task-rest10_dir-AP_run-001_bold_mcf_corrected_flirt.nii.gz
IRC29A,1,002,videos,429.61492919921875,191.88550109863274,113172,/lustre/disk/home/shared/cusacklab/foundcog/bids/derivatives/faizan_motion_correction_dataset/brain_masked_cropped_hfiltered_normalized_to_common_space/_subject_id_IRC29A/_referencetype_standard/_run_002_session_1_task_name_videos/sub-IRC29A_ses-1_task-videos_dir-AP_run-002_bold_mcf_corrected_flirt.nii.gz
IRC41A,1,001,videos,393.37994384765625,208.37035369873047,111739,/lustre/disk/home/shared/cusacklab/foundcog/bids/derivatives/faizan_motion_correction_dataset/brain_masked_cropped_hfiltered_normalized_to_common_space/_subject_id_IRC41A/_referencetype_standard/_run_001_session_1_task_name_videos/sub-IRC41A_ses-1_task-videos_dir-AP_run-001_bold_mcf_corrected_flirt.nii.gz
IRC21,1,001,rest10,286.87603759765625,171.26351928710938,107146,/lustre/disk/home/shared/cusacklab/foundcog/bids/derivatives/faizan_motion_correction_dataset/brain_masked_cropped_hfiltered_normalized_to_common_space/_subject_id_IRC21/_referencetype_standard/_run_001_session_1_task_name_rest10/sub-IRC21_ses-1_task-rest10_dir-AP_run-001_bold_mcf_corrected_flirt.nii.gz
IRC31,1,001,videos,310.20709228515625,182.6175094604492,107146,/lustre/disk/home/shared/cusacklab/foundcog/bids/derivatives/faizan_motion_correction_dataset/brain_masked_cropped_hfiltered_normalized_to_common_space/_subject_id_IRC31/_referencetype_standard/_run_001_session_1_task_name_videos/sub-IRC31_ses-1_task-videos_dir-AP_run-001_bold_mcf_corrected_flirt.nii.gz
IRC49,1,002,videos,284.76922607421875,176.4103591918945,107146,/lustre/disk/home/shared/cusacklab/foundcog/bids/derivatives/faizan_motion_correction_dataset/brain_masked_cropped_hfiltered_normalized_to_common_space/_subject_id_IRC49/_referencetype_standard/_run_002_session_1_task_name_videos/sub-IRC49_ses-1_task-videos_dir-AP_run-002_bold_mcf_corrected_flirt.nii.gz
IRC61,2,003,videos,264.7748718261719,182.0873550415039,107146,/lustre/disk/home/shared/cusacklab/foundcog/bids/derivatives/faizan_motion_correction_dataset/brain_masked_cropped_hfiltered_normalized_to_common_space/_subject_id_IRC61/_referencetype_standard/_run_003_session_2_task_name_videos/sub-IRC61_ses-2_task-videos_dir-AP_run-003_bold_mcf_corrected_flirt.nii.gz
IRC61,2,001,videos,260.57220458984375,188.98264122009277,107146,/lustre/disk/home/shared/cusacklab/foundcog/bids/derivatives/faizan_motion_correction_dataset/brain_masked_cropped_hfiltered_normalized_to_common_space/_subject_id_IRC61/_referencetype_standard/_run_001_session_2_task_name_videos/sub-IRC61_ses-2_task-videos_dir-AP_run-001_bold_mcf_corrected_flirt.nii.gz
IRC3A,1,001,videos,393.78900146484375,182.38708801269524,113170,/lustre/disk/home/shared/cusacklab/foundcog/bids/derivatives/faizan_motion_correction_dataset/brain_masked_cropped_hfiltered_normalized_to_common_space/_subject_id_IRC3A/_referencetype_standard/_run_001_session_1_task_name_videos/sub-IRC3A_ses-1_task-videos_dir-AP_run-001_bold_mcf_corrected_flirt.nii.gz
IRC41,1,001,videos,271.221435546875,131.3789840698242,107146,/lustre/disk/home/shared/cusacklab/foundcog/bids/derivatives/faizan_motion_correction_dataset/brain_masked_cropped_hfiltered_normalized_to_common_space/_subject_id_IRC41/_referencetype_standard/_run_001_session_1_task_name_videos/sub-IRC41_ses-1_task-videos_dir-AP_run-001_bold_mcf_corrected_flirt.nii.gz
IRC41,2,001,videos,277.0582275390625,138.29347534179686,107146,/lustre/disk/home/shared/cusacklab/foundcog/bids/derivatives/faizan_motion_correction_dataset/brain_masked_cropped_hfiltered_normalized_to_common_space/_subject_id_IRC41/_referencetype_standard/_run_001_session_2_task_name_videos/sub-IRC41_ses-2_task-videos_dir-AP_run-001_bold_mcf_corrected_flirt.nii.gz
IRC41,1,002,videos,271.6628723144531,132.4015350341797,107146,/lustre/disk/home/shared/cusacklab/foundcog/bids/derivatives/faizan_motion_correction_dataset/brain_masked_cropped_hfiltered_normalized_to_common_space/_subject_id_IRC41/_referencetype_standard/_run_002_session_1_task_name_videos/sub-IRC41_ses-1_task-videos_dir-AP_run-002_bold_mcf_corrected_flirt.nii.gz
IRC61,1,002,videos,299.5269775390625,182.6750946044922,107146,/lustre/disk/home/shared/cusacklab/foundcog/bids/derivatives/faizan_motion_correction_dataset/brain_masked_cropped_hfiltered_normalized_to_common_space/_subject_id_IRC61/_referencetype_standard/_run_002_session_1_task_name_videos/sub-IRC61_ses-1_task-videos_dir-AP_run-002_bold_mcf_corrected_flirt.nii.gz
IRC41,2,002,videos,277.6279296875,134.77084350585938,107146,/lustre/disk/home/shared/cusacklab/foundcog/bids/derivatives/faizan_motion_correction_dataset/brain_masked_cropped_hfiltered_normalized_to_common_space/_subject_id_IRC41/_referencetype_standard/_run_002_session_2_task_name_videos/sub-IRC41_ses-2_task-videos_dir-AP_run-002_bold_mcf_corrected_flirt.nii.gz
IRC49,1,001,videos,285.95465087890625,178.12632751464844,107146,/lustre/disk/home/shared/cusacklab/foundcog/bids/derivatives/faizan_motion_correction_dataset/brain_masked_cropped_hfiltered_normalized_to_common_space/_subject_id_IRC49/_referencetype_standard/_run_001_session_1_task_name_videos/sub-IRC49_ses-1_task-videos_dir-AP_run-001_bold_mcf_corrected_flirt.nii.gz
IRC69,1,001,videos,258.46429443359375,168.31286697387696,107146,/lustre/disk/home/shared/cusacklab/foundcog/bids/derivatives/faizan_motion_correction_dataset/brain_masked_cropped_hfiltered_normalized_to_common_space/_subject_id_IRC69/_referencetype_standard/_run_001_session_1_task_name_videos/sub-IRC69_ses-1_task-videos_dir-AP_run-001_bold_mcf_corrected_flirt.nii.gz
IRC45,1,001,videos,267.91229248046875,150.6233009338378,107146,/lustre/disk/home/shared/cusacklab/foundcog/bids/derivatives/faizan_motion_correction_dataset/brain_masked_cropped_hfiltered_normalized_to_common_space/_subject_id_IRC45/_referencetype_standard/_run_001_session_1_task_name_videos/sub-IRC45_ses-1_task-videos_dir-AP_run-001_bold_mcf_corrected_flirt.nii.gz
IRC45,2,001,videos,268.79498291015625,174.20326385498046,107146,/lustre/disk/home/shared/cusacklab/foundcog/bids/derivatives/faizan_motion_correction_dataset/brain_masked_cropped_hfiltered_normalized_to_common_space/_subject_id_IRC45/_referencetype_standard/_run_001_session_2_task_name_videos/sub-IRC45_ses-2_task-videos_dir-AP_run-001_bold_mcf_corrected_flirt.nii.gz
IRC27A,1,001,rest10,406.6371154785156,173.86895904541007,113172,/lustre/disk/home/shared/cusacklab/foundcog/bids/derivatives/faizan_motion_correction_dataset/brain_masked_cropped_hfiltered_normalized_to_common_space/_subject_id_IRC27A/_referencetype_standard/_run_001_session_1_task_name_rest10/sub-IRC27A_ses-1_task-rest10_dir-AP_run-001_bold_mcf_corrected_flirt.nii.gz
IRC45,1,002,videos,238.81826782226562,125.15281829833984,107146,/lustre/disk/home/shared/cusacklab/foundcog/bids/derivatives/faizan_motion_correction_dataset/brain_masked_cropped_hfiltered_normalized_to_common_space/_subject_id_IRC45/_referencetype_standard/_run_002_session_1_task_name_videos/sub-IRC45_ses-1_task-videos_dir-AP_run-002_bold_mcf_corrected_flirt.nii.gz
IRC29,1,001,rest10,277.4895324707031,167.14649963378906,107146,/lustre/disk/home/shared/cusacklab/foundcog/bids/derivatives/faizan_motion_correction_dataset/brain_masked_cropped_hfiltered_normalized_to_common_space/_subject_id_IRC29/_referencetype_standard/_run_001_session_1_task_name_rest10/sub-IRC29_ses-1_task-rest10_dir-AP_run-001_bold_mcf_corrected_flirt.nii.gz
IRC61,1,001,videos,298.65142822265625,186.82553100585938,107146,/lustre/disk/home/shared/cusacklab/foundcog/bids/derivatives/faizan_motion_correction_dataset/brain_masked_cropped_hfiltered_normalized_to_common_space/_subject_id_IRC61/_referencetype_standard/_run_001_session_1_task_name_videos/sub-IRC61_ses-1_task-videos_dir-AP_run-001_bold_mcf_corrected_flirt.nii.gz
IRC29A,1,001,rest10,437.4898681640625,210.12478637695312,113172,/lustre/disk/home/shared/cusacklab/foundcog/bids/derivatives/faizan_motion_correction_dataset/brain_masked_cropped_hfiltered_normalized_to_common_space/_subject_id_IRC29A/_referencetype_standard/_run_001_session_1_task_name_rest10/sub-IRC29A_ses-1_task-rest10_dir-AP_run-001_bold_mcf_corrected_flirt.nii.gz
IRC61,2,002,videos,263.06475830078125,179.05519104003906,107146,/lustre/disk/home/shared/cusacklab/foundcog/bids/derivatives/faizan_motion_correction_dataset/brain_masked_cropped_hfiltered_normalized_to_common_space/_subject_id_IRC61/_referencetype_standard/_run_002_session_2_task_name_videos/sub-IRC61_ses-2_task-videos_dir-AP_run-002_bold_mcf_corrected_flirt.nii.gz
IRC61A,1,001,videos,376.0725402832031,175.204150390625,113167,/lustre/disk/home/shared/cusacklab/foundcog/bids/derivatives/faizan_motion_correction_dataset/brain_masked_cropped_hfiltered_normalized_to_common_space/_subject_id_IRC61A/_referencetype_standard/_run_001_session_1_task_name_videos/sub-IRC61A_ses-1_task-videos_dir-AP_run-001_bold_mcf_corrected_flirt.nii.gz
IRC31,1,001,rest10,392.53662109375,204.86962890625,107146,/lustre/disk/home/shared/cusacklab/foundcog/bids/derivatives/faizan_motion_correction_dataset/brain_masked_cropped_hfiltered_normalized_to_common_space/_subject_id_IRC31/_referencetype_standard/_run_001_session_1_task_name_rest10/sub-IRC31_ses-1_task-rest10_dir-AP_run-001_bold_mcf_corrected_flirt.nii.gz
IRC69,1,002,videos,262.13232421875,161.43339157104492,107146,/lustre/disk/home/shared/cusacklab/foundcog/bids/derivatives/faizan_motion_correction_dataset/brain_masked_cropped_hfiltered_normalized_to_common_space/_subject_id_IRC69/_referencetype_standard/_run_002_session_1_task_name_videos/sub-IRC69_ses-1_task-videos_dir-AP_run-002_bold_mcf_corrected_flirt.nii.gz
IRC67,1,001,videos,235.01332092285156,133.97783889770506,107146,/lustre/disk/home/shared/cusacklab/foundcog/bids/derivatives/faizan_motion_correction_dataset/brain_masked_cropped_hfiltered_normalized_to_common_space/_subject_id_IRC67/_referencetype_standard/_run_001_session_1_task_name_videos/sub-IRC67_ses-1_task-videos_dir-AP_run-001_bold_mcf_corrected_flirt.nii.gz
IRC67A,1,001,videos,467.6459045410156,210.98477172851562,113172,/lustre/disk/home/shared/cusacklab/foundcog/bids/derivatives/faizan_motion_correction_dataset/brain_masked_cropped_hfiltered_normalized_to_common_space/_subject_id_IRC67A/_referencetype_standard/_run_001_session_1_task_name_videos/sub-IRC67A_ses-1_task-videos_dir-AP_run-001_bold_mcf_corrected_flirt.nii.gz
IRC69,1,003,videos,260.3366394042969,164.0929801940918,107146,/lustre/disk/home/shared/cusacklab/foundcog/bids/derivatives/faizan_motion_correction_dataset/brain_masked_cropped_hfiltered_normalized_to_common_space/_subject_id_IRC69/_referencetype_standard/_run_003_session_1_task_name_videos/sub-IRC69_ses-1_task-videos_dir-AP_run-003_bold_mcf_corrected_flirt.nii.gz
IRC69A,2,001,videos,388.1418762207031,184.92657775878905,113172,/lustre/disk/home/shared/cusacklab/foundcog/bids/derivatives/faizan_motion_correction_dataset/brain_masked_cropped_hfiltered_normalized_to_common_space/_subject_id_IRC69A/_referencetype_standard/_run_001_session_2_task_name_videos/sub-IRC69A_ses-2_task-videos_dir-AP_run-001_bold_mcf_corrected_flirt.nii.gz
IRC69A,1,001,videos,391.6510314941406,202.20514907836912,113126,/lustre/disk/home/shared/cusacklab/foundcog/bids/derivatives/faizan_motion_correction_dataset/brain_masked_cropped_hfiltered_normalized_to_common_space/_subject_id_IRC69A/_referencetype_standard/_run_001_session_1_task_name_videos/sub-IRC69A_ses-1_task-videos_dir-AP_run-001_bold_mcf_corrected_flirt.nii.gz
IRC41,1,001,rest10,273.19903564453125,140.31729125976562,107146,/lustre/disk/home/shared/cusacklab/foundcog/bids/derivatives/faizan_motion_correction_dataset/brain_masked_cropped_hfiltered_normalized_to_common_space/_subject_id_IRC41/_referencetype_standard/_run_001_session_1_task_name_rest10/sub-IRC41_ses-1_task-rest10_dir-AP_run-001_bold_mcf_corrected_flirt.nii.gz
IRC9,2,001,videos,298.2169189453125,185.75257339477537,107146,/lustre/disk/home/shared/cusacklab/foundcog/bids/derivatives/faizan_motion_correction_dataset/brain_masked_cropped_hfiltered_normalized_to_common_space/_subject_id_IRC9/_referencetype_standard/_run_001_session_2_task_name_videos/sub-IRC9_ses-2_task-videos_dir-AP_run-001_bold_mcf_corrected_flirt.nii.gz
IRC99,1,001,videos,273.761962890625,170.91694717407222,107146,/lustre/disk/home/shared/cusacklab/foundcog/bids/derivatives/faizan_motion_correction_dataset/brain_masked_cropped_hfiltered_normalized_to_common_space/_subject_id_IRC99/_referencetype_standard/_run_001_session_1_task_name_videos/sub-IRC99_ses-1_task-videos_dir-AP_run-001_bold_mcf_corrected_flirt.nii.gz
IRC99,1,002,videos,272.45050048828125,174.65732421874992,107146,/lustre/disk/home/shared/cusacklab/foundcog/bids/derivatives/faizan_motion_correction_dataset/brain_masked_cropped_hfiltered_normalized_to_common_space/_subject_id_IRC99/_referencetype_standard/_run_002_session_1_task_name_videos/sub-IRC99_ses-1_task-videos_dir-AP_run-002_bold_mcf_corrected_flirt.nii.gz
IRC41A,1,001,rest10,433.2261962890625,175.5527053833008,113172,/lustre/disk/home/shared/cusacklab/foundcog/bids/derivatives/faizan_motion_correction_dataset/brain_masked_cropped_hfiltered_normalized_to_common_space/_subject_id_IRC41A/_referencetype_standard/_run_001_session_1_task_name_rest10/sub-IRC41A_ses-1_task-rest10_dir-AP_run-001_bold_mcf_corrected_flirt.nii.gz
IRC9,1,001,videos,301.4940490722656,202.54983520507812,107146,/lustre/disk/home/shared/cusacklab/foundcog/bids/derivatives/faizan_motion_correction_dataset/brain_masked_cropped_hfiltered_normalized_to_common_space/_subject_id_IRC9/_referencetype_standard/_run_001_session_1_task_name_videos/sub-IRC9_ses-1_task-videos_dir-AP_run-001_bold_mcf_corrected_flirt.nii.gz
IRC99,1,003,videos,273.0201416015625,171.0236228942871,107146,/lustre/disk/home/shared/cusacklab/foundcog/bids/derivatives/faizan_motion_correction_dataset/brain_masked_cropped_hfiltered_normalized_to_common_space/_subject_id_IRC99/_referencetype_standard/_run_003_session_1_task_name_videos/sub-IRC99_ses-1_task-videos_dir-AP_run-003_bold_mcf_corrected_flirt.nii.gz
IRC45,2,001,rest10,272.86968994140625,188.72100830078125,107146,/lustre/disk/home/shared/cusacklab/foundcog/bids/derivatives/faizan_motion_correction_dataset/brain_masked_cropped_hfiltered_normalized_to_common_space/_subject_id_IRC45/_referencetype_standard/_run_001_session_2_task_name_rest10/sub-IRC45_ses-2_task-rest10_dir-AP_run-001_bold_mcf_corrected_flirt.nii.gz
IRC9,2,002,videos,296.4925537109375,185.2846221923828,107146,/lustre/disk/home/shared/cusacklab/foundcog/bids/derivatives/faizan_motion_correction_dataset/brain_masked_cropped_hfiltered_normalized_to_common_space/_subject_id_IRC9/_referencetype_standard/_run_002_session_2_task_name_videos/sub-IRC9_ses-2_task-videos_dir-AP_run-002_bold_mcf_corrected_flirt.nii.gz
IRN1,1,001,videos,213.47793579101562,117.22261123657228,106810,/lustre/disk/home/shared/cusacklab/foundcog/bids/derivatives/faizan_motion_correction_dataset/brain_masked_cropped_hfiltered_normalized_to_common_space/_subject_id_IRN1/_referencetype_standard/_run_001_session_1_task_name_videos/sub-IRN1_ses-1_task-videos_dir-AP_run-001_bold_mcf_corrected_flirt.nii.gz
IRN1,1,002,videos,216.3321533203125,134.93820266723634,107053,/lustre/disk/home/shared/cusacklab/foundcog/bids/derivatives/faizan_motion_correction_dataset/brain_masked_cropped_hfiltered_normalized_to_common_space/_subject_id_IRN1/_referencetype_standard/_run_002_session_1_task_name_videos/sub-IRN1_ses-1_task-videos_dir-AP_run-002_bold_mcf_corrected_flirt.nii.gz
IRC9A,1,003,videos,397.20343017578125,221.3905960083007,113172,/lustre/disk/home/shared/cusacklab/foundcog/bids/derivatives/faizan_motion_correction_dataset/brain_masked_cropped_hfiltered_normalized_to_common_space/_subject_id_IRC9A/_referencetype_standard/_run_003_session_1_task_name_videos/sub-IRC9A_ses-1_task-videos_dir-AP_run-003_bold_mcf_corrected_flirt.nii.gz
IRC9A,1,001,videos,399.7496337890625,245.3270896911621,113172,/lustre/disk/home/shared/cusacklab/foundcog/bids/derivatives/faizan_motion_correction_dataset/brain_masked_cropped_hfiltered_normalized_to_common_space/_subject_id_IRC9A/_referencetype_standard/_run_001_session_1_task_name_videos/sub-IRC9A_ses-1_task-videos_dir-AP_run-001_bold_mcf_corrected_flirt.nii.gz
IRN1A,2,002,videos,377.20269775390625,199.50778198242188,112913,/lustre/disk/home/shared/cusacklab/foundcog/bids/derivatives/faizan_motion_correction_dataset/brain_masked_cropped_hfiltered_normalized_to_common_space/_subject_id_IRN1A/_referencetype_standard/_run_002_session_2_task_name_videos/sub-IRN1A_ses-2_task-videos_dir-AP_run-002_bold_mcf_corrected_flirt.nii.gz
IRC9A,1,002,videos,405.2347412109375,245.27167282104483,113172,/lustre/disk/home/shared/cusacklab/foundcog/bids/derivatives/faizan_motion_correction_dataset/brain_masked_cropped_hfiltered_normalized_to_common_space/_subject_id_IRC9A/_referencetype_standard/_run_002_session_1_task_name_videos/sub-IRC9A_ses-1_task-videos_dir-AP_run-002_bold_mcf_corrected_flirt.nii.gz
IRN12,1,001,videos,218.5891571044922,100.02719955444337,107146,/lustre/disk/home/shared/cusacklab/foundcog/bids/derivatives/faizan_motion_correction_dataset/brain_masked_cropped_hfiltered_normalized_to_common_space/_subject_id_IRN12/_referencetype_standard/_run_001_session_1_task_name_videos/sub-IRN12_ses-1_task-videos_dir-AP_run-001_bold_mcf_corrected_flirt.nii.gz
IRN12,1,002,videos,236.49884033203125,117.02684020996094,107146,/lustre/disk/home/shared/cusacklab/foundcog/bids/derivatives/faizan_motion_correction_dataset/brain_masked_cropped_hfiltered_normalized_to_common_space/_subject_id_IRN12/_referencetype_standard/_run_002_session_1_task_name_videos/sub-IRN12_ses-1_task-videos_dir-AP_run-002_bold_mcf_corrected_flirt.nii.gz
IRN12,2,001,videos,241.9713897705078,128.36006469726553,107146,/lustre/disk/home/shared/cusacklab/foundcog/bids/derivatives/faizan_motion_correction_dataset/brain_masked_cropped_hfiltered_normalized_to_common_space/_subject_id_IRN12/_referencetype_standard/_run_001_session_2_task_name_videos/sub-IRN12_ses-2_task-videos_dir-AP_run-001_bold_mcf_corrected_flirt.nii.gz
IRN20,1,001,videos,242.56771850585938,144.13845291137687,107146,/lustre/disk/home/shared/cusacklab/foundcog/bids/derivatives/faizan_motion_correction_dataset/brain_masked_cropped_hfiltered_normalized_to_common_space/_subject_id_IRN20/_referencetype_standard/_run_001_session_1_task_name_videos/sub-IRN20_ses-1_task-videos_dir-AP_run-001_bold_mcf_corrected_flirt.nii.gz
IRN26,1,001,videos,252.2022705078125,160.30994415283203,107146,/lustre/disk/home/shared/cusacklab/foundcog/bids/derivatives/faizan_motion_correction_dataset/brain_masked_cropped_hfiltered_normalized_to_common_space/_subject_id_IRN26/_referencetype_standard/_run_001_session_1_task_name_videos/sub-IRN26_ses-1_task-videos_dir-AP_run-001_bold_mcf_corrected_flirt.nii.gz
IRN20,1,002,videos,238.0657958984375,136.85393066406252,107146,/lustre/disk/home/shared/cusacklab/foundcog/bids/derivatives/faizan_motion_correction_dataset/brain_masked_cropped_hfiltered_normalized_to_common_space/_subject_id_IRN20/_referencetype_standard/_run_002_session_1_task_name_videos/sub-IRN20_ses-1_task-videos_dir-AP_run-002_bold_mcf_corrected_flirt.nii.gz
IRN1A,1,001,videos,401.1372985839844,217.99119720458987,112730,/lustre/disk/home/shared/cusacklab/foundcog/bids/derivatives/faizan_motion_correction_dataset/brain_masked_cropped_hfiltered_normalized_to_common_space/_subject_id_IRN1A/_referencetype_standard/_run_001_session_1_task_name_videos/sub-IRN1A_ses-1_task-videos_dir-AP_run-001_bold_mcf_corrected_flirt.nii.gz
IRN26,1,003,videos,245.54702758789062,154.89340133666994,107146,/lustre/disk/home/shared/cusacklab/foundcog/bids/derivatives/faizan_motion_correction_dataset/brain_masked_cropped_hfiltered_normalized_to_common_space/_subject_id_IRN26/_referencetype_standard/_run_003_session_1_task_name_videos/sub-IRN26_ses-1_task-videos_dir-AP_run-003_bold_mcf_corrected_flirt.nii.gz
IRC61,1,001,rest10,300.58184814453125,182.9709014892578,107146,/lustre/disk/home/shared/cusacklab/foundcog/bids/derivatives/faizan_motion_correction_dataset/brain_masked_cropped_hfiltered_normalized_to_common_space/_subject_id_IRC61/_referencetype_standard/_run_001_session_1_task_name_rest10/sub-IRC61_ses-1_task-rest10_dir-AP_run-001_bold_mcf_corrected_flirt.nii.gz
IRN22,1,001,videos,259.5229797363281,190.02897262573242,107082,/lustre/disk/home/shared/cusacklab/foundcog/bids/derivatives/faizan_motion_correction_dataset/brain_masked_cropped_hfiltered_normalized_to_common_space/_subject_id_IRN22/_referencetype_standard/_run_001_session_1_task_name_videos/sub-IRN22_ses-1_task-videos_dir-AP_run-001_bold_mcf_corrected_flirt.nii.gz
IRN1A,2,001,videos,377.3132629394531,195.7973190307617,112744,/lustre/disk/home/shared/cusacklab/foundcog/bids/derivatives/faizan_motion_correction_dataset/brain_masked_cropped_hfiltered_normalized_to_common_space/_subject_id_IRN1A/_referencetype_standard/_run_001_session_2_task_name_videos/sub-IRN1A_ses-2_task-videos_dir-AP_run-001_bold_mcf_corrected_flirt.nii.gz
IRC69A,2,001,rest10,391.4569396972656,177.4053955078125,113172,/lustre/disk/home/shared/cusacklab/foundcog/bids/derivatives/faizan_motion_correction_dataset/brain_masked_cropped_hfiltered_normalized_to_common_space/_subject_id_IRC69A/_referencetype_standard/_run_001_session_2_task_name_rest10/sub-IRC69A_ses-2_task-rest10_dir-AP_run-001_bold_mcf_corrected_flirt.nii.gz
IRN20,2,001,videos,248.89413452148438,156.88913803100587,107146,/lustre/disk/home/shared/cusacklab/foundcog/bids/derivatives/faizan_motion_correction_dataset/brain_masked_cropped_hfiltered_normalized_to_common_space/_subject_id_IRN20/_referencetype_standard/_run_001_session_2_task_name_videos/sub-IRN20_ses-2_task-videos_dir-AP_run-001_bold_mcf_corrected_flirt.nii.gz
IRN20,2,002,videos,245.0728302001953,153.55395812988272,107146,/lustre/disk/home/shared/cusacklab/foundcog/bids/derivatives/faizan_motion_correction_dataset/brain_masked_cropped_hfiltered_normalized_to_common_space/_subject_id_IRN20/_referencetype_standard/_run_002_session_2_task_name_videos/sub-IRN20_ses-2_task-videos_dir-AP_run-002_bold_mcf_corrected_flirt.nii.gz
IRC99,2,001,rest10,290.8457946777344,201.572265625,107146,/lustre/disk/home/shared/cusacklab/foundcog/bids/derivatives/faizan_motion_correction_dataset/brain_masked_cropped_hfiltered_normalized_to_common_space/_subject_id_IRC99/_referencetype_standard/_run_001_session_2_task_name_rest10/sub-IRC99_ses-2_task-rest10_dir-AP_run-001_bold_mcf_corrected_flirt.nii.gz
IRN20A,1,001,videos,424.4567565917969,212.71774291992188,113172,/lustre/disk/home/shared/cusacklab/foundcog/bids/derivatives/faizan_motion_correction_dataset/brain_masked_cropped_hfiltered_normalized_to_common_space/_subject_id_IRN20A/_referencetype_standard/_run_001_session_1_task_name_videos/sub-IRN20A_ses-1_task-videos_dir-AP_run-001_bold_mcf_corrected_flirt.nii.gz
IRN32,1,001,videos,263.8321533203125,180.85169296264652,107146,/lustre/disk/home/shared/cusacklab/foundcog/bids/derivatives/faizan_motion_correction_dataset/brain_masked_cropped_hfiltered_normalized_to_common_space/_subject_id_IRN32/_referencetype_standard/_run_001_session_1_task_name_videos/sub-IRN32_ses-1_task-videos_dir-AP_run-001_bold_mcf_corrected_flirt.nii.gz
IRN22,1,002,videos,264.5195617675781,180.89485244750978,106332,/lustre/disk/home/shared/cusacklab/foundcog/bids/derivatives/faizan_motion_correction_dataset/brain_masked_cropped_hfiltered_normalized_to_common_space/_subject_id_IRN22/_referencetype_standard/_run_002_session_1_task_name_videos/sub-IRN22_ses-1_task-videos_dir-AP_run-002_bold_mcf_corrected_flirt.nii.gz
IRN20A,1,002,videos,424.50445556640625,222.4647857666015,113172,/lustre/disk/home/shared/cusacklab/foundcog/bids/derivatives/faizan_motion_correction_dataset/brain_masked_cropped_hfiltered_normalized_to_common_space/_subject_id_IRN20A/_referencetype_standard/_run_002_session_1_task_name_videos/sub-IRN20A_ses-1_task-videos_dir-AP_run-002_bold_mcf_corrected_flirt.nii.gz
IRC9A,1,001,rest10,405.46343994140625,236.7321517944335,113172,/lustre/disk/home/shared/cusacklab/foundcog/bids/derivatives/faizan_motion_correction_dataset/brain_masked_cropped_hfiltered_normalized_to_common_space/_subject_id_IRC9A/_referencetype_standard/_run_001_session_1_task_name_rest10/sub-IRC9A_ses-1_task-rest10_dir-AP_run-001_bold_mcf_corrected_flirt.nii.gz
IRN32,1,002,videos,266.8624267578125,178.72647628784173,107146,/lustre/disk/home/shared/cusacklab/foundcog/bids/derivatives/faizan_motion_correction_dataset/brain_masked_cropped_hfiltered_normalized_to_common_space/_subject_id_IRN32/_referencetype_standard/_run_002_session_1_task_name_videos/sub-IRN32_ses-1_task-videos_dir-AP_run-002_bold_mcf_corrected_flirt.nii.gz
IRN26,2,001,videos,262.59765625,231.69802169799806,107146,/lustre/disk/home/shared/cusacklab/foundcog/bids/derivatives/faizan_motion_correction_dataset/brain_masked_cropped_hfiltered_normalized_to_common_space/_subject_id_IRN26/_referencetype_standard/_run_001_session_2_task_name_videos/sub-IRN26_ses-2_task-videos_dir-AP_run-001_bold_mcf_corrected_flirt.nii.gz
IRN12,2,001,rest10,232.05508422851562,126.69912796020509,107146,/lustre/disk/home/shared/cusacklab/foundcog/bids/derivatives/faizan_motion_correction_dataset/brain_masked_cropped_hfiltered_normalized_to_common_space/_subject_id_IRN12/_referencetype_standard/_run_001_session_2_task_name_rest10/sub-IRN12_ses-2_task-rest10_dir-AP_run-001_bold_mcf_corrected_flirt.nii.gz
IRN26,1,002,videos,247.50970458984375,174.65480880737306,107146,/lustre/disk/home/shared/cusacklab/foundcog/bids/derivatives/faizan_motion_correction_dataset/brain_masked_cropped_hfiltered_normalized_to_common_space/_subject_id_IRN26/_referencetype_standard/_run_002_session_1_task_name_videos/sub-IRN26_ses-1_task-videos_dir-AP_run-002_bold_mcf_corrected_flirt.nii.gz
IRN1,1,001,rest10,214.60675048828125,136.9095615386963,106813,/lustre/disk/home/shared/cusacklab/foundcog/bids/derivatives/faizan_motion_correction_dataset/brain_masked_cropped_hfiltered_normalized_to_common_space/_subject_id_IRN1/_referencetype_standard/_run_001_session_1_task_name_rest10/sub-IRN1_ses-1_task-rest10_dir-AP_run-001_bold_mcf_corrected_flirt.nii.gz
IRN26A,1,001,videos,376.0955505371094,126.6296096801758,113172,/lustre/disk/home/shared/cusacklab/foundcog/bids/derivatives/faizan_motion_correction_dataset/brain_masked_cropped_hfiltered_normalized_to_common_space/_subject_id_IRN26A/_referencetype_standard/_run_001_session_1_task_name_videos/sub-IRN26A_ses-1_task-videos_dir-AP_run-001_bold_mcf_corrected_flirt.nii.gz
IRN30,1,001,videos,278.3759460449219,142.71360778808594,107146,/lustre/disk/home/shared/cusacklab/foundcog/bids/derivatives/faizan_motion_correction_dataset/brain_masked_cropped_hfiltered_normalized_to_common_space/_subject_id_IRN30/_referencetype_standard/_run_001_session_1_task_name_videos/sub-IRN30_ses-1_task-videos_dir-AP_run-001_bold_mcf_corrected_flirt.nii.gz
IRN26A,2,001,videos,402.4273376464844,135.364501953125,113172,/lustre/disk/home/shared/cusacklab/foundcog/bids/derivatives/faizan_motion_correction_dataset/brain_masked_cropped_hfiltered_normalized_to_common_space/_subject_id_IRN26A/_referencetype_standard/_run_001_session_2_task_name_videos/sub-IRN26A_ses-2_task-videos_dir-AP_run-001_bold_mcf_corrected_flirt.nii.gz
IRN32,2,001,videos,300.4094543457031,181.28616180419922,107146,/lustre/disk/home/shared/cusacklab/foundcog/bids/derivatives/faizan_motion_correction_dataset/brain_masked_cropped_hfiltered_normalized_to_common_space/_subject_id_IRN32/_referencetype_standard/_run_001_session_2_task_name_videos/sub-IRN32_ses-2_task-videos_dir-AP_run-001_bold_mcf_corrected_flirt.nii.gz
IRN1A,1,001,rest10,402.6186218261719,206.99435424804688,112884,/lustre/disk/home/shared/cusacklab/foundcog/bids/derivatives/faizan_motion_correction_dataset/brain_masked_cropped_hfiltered_normalized_to_common_space/_subject_id_IRN1A/_referencetype_standard/_run_001_session_1_task_name_rest10/sub-IRN1A_ses-1_task-rest10_dir-AP_run-001_bold_mcf_corrected_flirt.nii.gz
IRN52,1,001,videos,321.08038330078125,239.84008407592742,107146,/lustre/disk/home/shared/cusacklab/foundcog/bids/derivatives/faizan_motion_correction_dataset/brain_masked_cropped_hfiltered_normalized_to_common_space/_subject_id_IRN52/_referencetype_standard/_run_001_session_1_task_name_videos/sub-IRN52_ses-1_task-videos_dir-AP_run-001_bold_mcf_corrected_flirt.nii.gz
IRN30,1,002,videos,269.8354797363281,177.12847213745118,107146,/lustre/disk/home/shared/cusacklab/foundcog/bids/derivatives/faizan_motion_correction_dataset/brain_masked_cropped_hfiltered_normalized_to_common_space/_subject_id_IRN30/_referencetype_standard/_run_002_session_1_task_name_videos/sub-IRN30_ses-1_task-videos_dir-AP_run-002_bold_mcf_corrected_flirt.nii.gz
IRN34,1,001,videos,261.450927734375,149.6705352783203,107146,/lustre/disk/home/shared/cusacklab/foundcog/bids/derivatives/faizan_motion_correction_dataset/brain_masked_cropped_hfiltered_normalized_to_common_space/_subject_id_IRN34/_referencetype_standard/_run_001_session_1_task_name_videos/sub-IRN34_ses-1_task-videos_dir-AP_run-001_bold_mcf_corrected_flirt.nii.gz
IRN34,2,001,videos,259.249755859375,182.3353042602539,107146,/lustre/disk/home/shared/cusacklab/foundcog/bids/derivatives/faizan_motion_correction_dataset/brain_masked_cropped_hfiltered_normalized_to_common_space/_subject_id_IRN34/_referencetype_standard/_run_001_session_2_task_name_videos/sub-IRN34_ses-2_task-videos_dir-AP_run-001_bold_mcf_corrected_flirt.nii.gz
IRN20,1,001,rest10,241.0955352783203,144.2703399658203,107146,/lustre/disk/home/shared/cusacklab/foundcog/bids/derivatives/faizan_motion_correction_dataset/brain_masked_cropped_hfiltered_normalized_to_common_space/_subject_id_IRN20/_referencetype_standard/_run_001_session_1_task_name_rest10/sub-IRN20_ses-1_task-rest10_dir-AP_run-001_bold_mcf_corrected_flirt.nii.gz
IRN36,1,001,videos,263.0244140625,170.43443450927734,107146,/lustre/disk/home/shared/cusacklab/foundcog/bids/derivatives/faizan_motion_correction_dataset/brain_masked_cropped_hfiltered_normalized_to_common_space/_subject_id_IRN36/_referencetype_standard/_run_001_session_1_task_name_videos/sub-IRN36_ses-1_task-videos_dir-AP_run-001_bold_mcf_corrected_flirt.nii.gz
IRN42,1,001,videos,289.51776123046875,201.55301742553712,107146,/lustre/disk/home/shared/cusacklab/foundcog/bids/derivatives/faizan_motion_correction_dataset/brain_masked_cropped_hfiltered_normalized_to_common_space/_subject_id_IRN42/_referencetype_standard/_run_001_session_1_task_name_videos/sub-IRN42_ses-1_task-videos_dir-AP_run-001_bold_mcf_corrected_flirt.nii.gz
IRN60,1,002,videos,263.296875,161.1651779174805,107146,/lustre/disk/home/shared/cusacklab/foundcog/bids/derivatives/faizan_motion_correction_dataset/brain_masked_cropped_hfiltered_normalized_to_common_space/_subject_id_IRN60/_referencetype_standard/_run_002_session_1_task_name_videos/sub-IRN60_ses-1_task-videos_dir-AP_run-002_bold_mcf_corrected_flirt.nii.gz
IRN42,2,001,videos,289.4060974121094,173.48956298828125,107146,/lustre/disk/home/shared/cusacklab/foundcog/bids/derivatives/faizan_motion_correction_dataset/brain_masked_cropped_hfiltered_normalized_to_common_space/_subject_id_IRN42/_referencetype_standard/_run_001_session_2_task_name_videos/sub-IRN42_ses-2_task-videos_dir-AP_run-001_bold_mcf_corrected_flirt.nii.gz
IRN44,2,001,videos,286.35540771484375,168.67158966064449,107146,/lustre/disk/home/shared/cusacklab/foundcog/bids/derivatives/faizan_motion_correction_dataset/brain_masked_cropped_hfiltered_normalized_to_common_space/_subject_id_IRN44/_referencetype_standard/_run_001_session_2_task_name_videos/sub-IRN44_ses-2_task-videos_dir-AP_run-001_bold_mcf_corrected_flirt.nii.gz
IRN36,2,001,videos,249.28062438964844,147.29090881347656,107146,/lustre/disk/home/shared/cusacklab/foundcog/bids/derivatives/faizan_motion_correction_dataset/brain_masked_cropped_hfiltered_normalized_to_common_space/_subject_id_IRN36/_referencetype_standard/_run_001_session_2_task_name_videos/sub-IRN36_ses-2_task-videos_dir-AP_run-001_bold_mcf_corrected_flirt.nii.gz
IRN20A,1,001,rest10,423.40484619140625,210.28070068359375,113017,/lustre/disk/home/shared/cusacklab/foundcog/bids/derivatives/faizan_motion_correction_dataset/brain_masked_cropped_hfiltered_normalized_to_common_space/_subject_id_IRN20A/_referencetype_standard/_run_001_session_1_task_name_rest10/sub-IRN20A_ses-1_task-rest10_dir-AP_run-001_bold_mcf_corrected_flirt.nii.gz
IRN42,1,002,videos,291.0190124511719,202.04843292236328,107146,/lustre/disk/home/shared/cusacklab/foundcog/bids/derivatives/faizan_motion_correction_dataset/brain_masked_cropped_hfiltered_normalized_to_common_space/_subject_id_IRN42/_referencetype_standard/_run_002_session_1_task_name_videos/sub-IRN42_ses-1_task-videos_dir-AP_run-002_bold_mcf_corrected_flirt.nii.gz
IRN26,2,001,rest10,265.99395751953125,219.87654876708984,107146,/lustre/disk/home/shared/cusacklab/foundcog/bids/derivatives/faizan_motion_correction_dataset/brain_masked_cropped_hfiltered_normalized_to_common_space/_subject_id_IRN26/_referencetype_standard/_run_001_session_2_task_name_rest10/sub-IRN26_ses-2_task-rest10_dir-AP_run-001_bold_mcf_corrected_flirt.nii.gz
IRN42A,1,001,videos,387.9129638671875,165.02694702148438,113172,/lustre/disk/home/shared/cusacklab/foundcog/bids/derivatives/faizan_motion_correction_dataset/brain_masked_cropped_hfiltered_normalized_to_common_space/_subject_id_IRN42A/_referencetype_standard/_run_001_session_1_task_name_videos/sub-IRN42A_ses-1_task-videos_dir-AP_run-001_bold_mcf_corrected_flirt.nii.gz
IRN44,1,001,videos,271.905517578125,199.60311889648438,107146,/lustre/disk/home/shared/cusacklab/foundcog/bids/derivatives/faizan_motion_correction_dataset/brain_masked_cropped_hfiltered_normalized_to_common_space/_subject_id_IRN44/_referencetype_standard/_run_001_session_1_task_name_videos/sub-IRN44_ses-1_task-videos_dir-AP_run-001_bold_mcf_corrected_flirt.nii.gz
IRN44,1,002,videos,274.81915283203125,204.43924942016594,107146,/lustre/disk/home/shared/cusacklab/foundcog/bids/derivatives/faizan_motion_correction_dataset/brain_masked_cropped_hfiltered_normalized_to_common_space/_subject_id_IRN44/_referencetype_standard/_run_002_session_1_task_name_videos/sub-IRN44_ses-1_task-videos_dir-AP_run-002_bold_mcf_corrected_flirt.nii.gz
IRN62A,1,001,videos,418.0177001953125,190.47279357910156,108982,/lustre/disk/home/shared/cusacklab/foundcog/bids/derivatives/faizan_motion_correction_dataset/brain_masked_cropped_hfiltered_normalized_to_common_space/_subject_id_IRN62A/_referencetype_standard/_run_001_session_1_task_name_videos/sub-IRN62A_ses-1_task-videos_dir-AP_run-001_bold_mcf_corrected_flirt.nii.gz
IRN26A,1,001,rest10,376.34130859375,127.90524444580069,113172,/lustre/disk/home/shared/cusacklab/foundcog/bids/derivatives/faizan_motion_correction_dataset/brain_masked_cropped_hfiltered_normalized_to_common_space/_subject_id_IRN26A/_referencetype_standard/_run_001_session_1_task_name_rest10/sub-IRN26A_ses-1_task-rest10_dir-AP_run-001_bold_mcf_corrected_flirt.nii.gz
IRN60,1,001,videos,260.8927001953125,161.81443252563474,107146,/lustre/disk/home/shared/cusacklab/foundcog/bids/derivatives/faizan_motion_correction_dataset/brain_masked_cropped_hfiltered_normalized_to_common_space/_subject_id_IRN60/_referencetype_standard/_run_001_session_1_task_name_videos/sub-IRN60_ses-1_task-videos_dir-AP_run-001_bold_mcf_corrected_flirt.nii.gz
IRN60,2,001,videos,258.3745422363281,178.07713470458984,107146,/lustre/disk/home/shared/cusacklab/foundcog/bids/derivatives/faizan_motion_correction_dataset/brain_masked_cropped_hfiltered_normalized_to_common_space/_subject_id_IRN60/_referencetype_standard/_run_001_session_2_task_name_videos/sub-IRN60_ses-2_task-videos_dir-AP_run-001_bold_mcf_corrected_flirt.nii.gz
IRN62,2,001,videos,265.347900390625,149.66396713256836,107146,/lustre/disk/home/shared/cusacklab/foundcog/bids/derivatives/faizan_motion_correction_dataset/brain_masked_cropped_hfiltered_normalized_to_common_space/_subject_id_IRN62/_referencetype_standard/_run_001_session_2_task_name_videos/sub-IRN62_ses-2_task-videos_dir-AP_run-001_bold_mcf_corrected_flirt.nii.gz
IRN30,1,001,rest10,271.08685302734375,164.69679260253906,107146,/lustre/disk/home/shared/cusacklab/foundcog/bids/derivatives/faizan_motion_correction_dataset/brain_masked_cropped_hfiltered_normalized_to_common_space/_subject_id_IRN30/_referencetype_standard/_run_001_session_1_task_name_rest10/sub-IRN30_ses-1_task-rest10_dir-AP_run-001_bold_mcf_corrected_flirt.nii.gz
IRN62A,1,002,videos,412.9873352050781,160.13055725097655,110706,/lustre/disk/home/shared/cusacklab/foundcog/bids/derivatives/faizan_motion_correction_dataset/brain_masked_cropped_hfiltered_normalized_to_common_space/_subject_id_IRN62A/_referencetype_standard/_run_002_session_1_task_name_videos/sub-IRN62A_ses-1_task-videos_dir-AP_run-002_bold_mcf_corrected_flirt.nii.gz
IRN62,1,002,videos,281.92041015625,173.68321380615234,107146,/lustre/disk/home/shared/cusacklab/foundcog/bids/derivatives/faizan_motion_correction_dataset/brain_masked_cropped_hfiltered_normalized_to_common_space/_subject_id_IRN62/_referencetype_standard/_run_002_session_1_task_name_videos/sub-IRN62_ses-1_task-videos_dir-AP_run-002_bold_mcf_corrected_flirt.nii.gz
IRN34,2,001,rest10,262.1675720214844,183.79420623779288,107146,/lustre/disk/home/shared/cusacklab/foundcog/bids/derivatives/faizan_motion_correction_dataset/brain_masked_cropped_hfiltered_normalized_to_common_space/_subject_id_IRN34/_referencetype_standard/_run_001_session_2_task_name_rest10/sub-IRN34_ses-2_task-rest10_dir-AP_run-001_bold_mcf_corrected_flirt.nii.gz
IRN62,2,002,videos,259.07281494140625,140.2281120300293,107146,/lustre/disk/home/shared/cusacklab/foundcog/bids/derivatives/faizan_motion_correction_dataset/brain_masked_cropped_hfiltered_normalized_to_common_space/_subject_id_IRN62/_referencetype_standard/_run_002_session_2_task_name_videos/sub-IRN62_ses-2_task-videos_dir-AP_run-002_bold_mcf_corrected_flirt.nii.gz
IRN64,1,001,videos,253.42759704589844,88.44352722167969,107146,/lustre/disk/home/shared/cusacklab/foundcog/bids/derivatives/faizan_motion_correction_dataset/brain_masked_cropped_hfiltered_normalized_to_common_space/_subject_id_IRN64/_referencetype_standard/_run_001_session_1_task_name_videos/sub-IRN64_ses-1_task-videos_dir-AP_run-001_bold_mcf_corrected_flirt.nii.gz
IRN64,2,001,videos,243.27638244628906,105.5623779296875,107146,/lustre/disk/home/shared/cusacklab/foundcog/bids/derivatives/faizan_motion_correction_dataset/brain_masked_cropped_hfiltered_normalized_to_common_space/_subject_id_IRN64/_referencetype_standard/_run_001_session_2_task_name_videos/sub-IRN64_ses-2_task-videos_dir-AP_run-001_bold_mcf_corrected_flirt.nii.gz
IRN68A,1,002,videos,357.2980651855469,130.58215484619143,113172,/lustre/disk/home/shared/cusacklab/foundcog/bids/derivatives/faizan_motion_correction_dataset/brain_masked_cropped_hfiltered_normalized_to_common_space/_subject_id_IRN68A/_referencetype_standard/_run_002_session_1_task_name_videos/sub-IRN68A_ses-1_task-videos_dir-AP_run-002_bold_mcf_corrected_flirt.nii.gz
IRN32,1,001,rest10,271.0001220703125,179.8563690185547,107146,/lustre/disk/home/shared/cusacklab/foundcog/bids/derivatives/faizan_motion_correction_dataset/brain_masked_cropped_hfiltered_normalized_to_common_space/_subject_id_IRN32/_referencetype_standard/_run_001_session_1_task_name_rest10/sub-IRN32_ses-1_task-rest10_dir-AP_run-001_bold_mcf_corrected_flirt.nii.gz
IRN64,1,003,videos,251.2472686767578,91.91448974609375,107146,/lustre/disk/home/shared/cusacklab/foundcog/bids/derivatives/faizan_motion_correction_dataset/brain_masked_cropped_hfiltered_normalized_to_common_space/_subject_id_IRN64/_referencetype_standard/_run_003_session_1_task_name_videos/sub-IRN64_ses-1_task-videos_dir-AP_run-003_bold_mcf_corrected_flirt.nii.gz
IRN66,1,001,videos,329.2581787109375,205.59996185302725,107146,/lustre/disk/home/shared/cusacklab/foundcog/bids/derivatives/faizan_motion_correction_dataset/brain_masked_cropped_hfiltered_normalized_to_common_space/_subject_id_IRN66/_referencetype_standard/_run_001_session_1_task_name_videos/sub-IRN66_ses-1_task-videos_dir-AP_run-001_bold_mcf_corrected_flirt.nii.gz
IRN62A,1,003,videos,409.00506591796875,152.89413452148438,110933,/lustre/disk/home/shared/cusacklab/foundcog/bids/derivatives/faizan_motion_correction_dataset/brain_masked_cropped_hfiltered_normalized_to_common_space/_subject_id_IRN62A/_referencetype_standard/_run_003_session_1_task_name_videos/sub-IRN62A_ses-1_task-videos_dir-AP_run-003_bold_mcf_corrected_flirt.nii.gz
IRN72,1,001,videos,246.3064422607422,167.46559524536127,107146,/lustre/disk/home/shared/cusacklab/foundcog/bids/derivatives/faizan_motion_correction_dataset/brain_masked_cropped_hfiltered_normalized_to_common_space/_subject_id_IRN72/_referencetype_standard/_run_001_session_1_task_name_videos/sub-IRN72_ses-1_task-videos_dir-AP_run-001_bold_mcf_corrected_flirt.nii.gz
IRN44,1,001,rest10,270.92803955078125,197.40425262451163,107146,/lustre/disk/home/shared/cusacklab/foundcog/bids/derivatives/faizan_motion_correction_dataset/brain_masked_cropped_hfiltered_normalized_to_common_space/_subject_id_IRN44/_referencetype_standard/_run_001_session_1_task_name_rest10/sub-IRN44_ses-1_task-rest10_dir-AP_run-001_bold_mcf_corrected_flirt.nii.gz
IRN68,1,001,videos,271.69927978515625,135.52325592041015,107146,/lustre/disk/home/shared/cusacklab/foundcog/bids/derivatives/faizan_motion_correction_dataset/brain_masked_cropped_hfiltered_normalized_to_common_space/_subject_id_IRN68/_referencetype_standard/_run_001_session_1_task_name_videos/sub-IRN68_ses-1_task-videos_dir-AP_run-001_bold_mcf_corrected_flirt.nii.gz
IRN68,1,002,videos,271.5096435546875,135.84848861694337,107146,/lustre/disk/home/shared/cusacklab/foundcog/bids/derivatives/faizan_motion_correction_dataset/brain_masked_cropped_hfiltered_normalized_to_common_space/_subject_id_IRN68/_referencetype_standard/_run_002_session_1_task_name_videos/sub-IRN68_ses-1_task-videos_dir-AP_run-002_bold_mcf_corrected_flirt.nii.gz
IRN68A,1,001,videos,361.1900939941406,146.10354766845705,113172,/lustre/disk/home/shared/cusacklab/foundcog/bids/derivatives/faizan_motion_correction_dataset/brain_masked_cropped_hfiltered_normalized_to_common_space/_subject_id_IRN68A/_referencetype_standard/_run_001_session_1_task_name_videos/sub-IRN68A_ses-1_task-videos_dir-AP_run-001_bold_mcf_corrected_flirt.nii.gz
IRN60,1,001,rest10,261.4674377441406,158.86831665039062,107146,/lustre/disk/home/shared/cusacklab/foundcog/bids/derivatives/faizan_motion_correction_dataset/brain_masked_cropped_hfiltered_normalized_to_common_space/_subject_id_IRN60/_referencetype_standard/_run_001_session_1_task_name_rest10/sub-IRN60_ses-1_task-rest10_dir-AP_run-001_bold_mcf_corrected_flirt.nii.gz
IRN62,1,001,rest10,276.3802795410156,166.19380264282228,107146,/lustre/disk/home/shared/cusacklab/foundcog/bids/derivatives/faizan_motion_correction_dataset/brain_masked_cropped_hfiltered_normalized_to_common_space/_subject_id_IRN62/_referencetype_standard/_run_001_session_1_task_name_rest10/sub-IRN62_ses-1_task-rest10_dir-AP_run-001_bold_mcf_corrected_flirt.nii.gz
IRN72,1,003,videos,240.18826293945312,153.63662185668937,107146,/lustre/disk/home/shared/cusacklab/foundcog/bids/derivatives/faizan_motion_correction_dataset/brain_masked_cropped_hfiltered_normalized_to_common_space/_subject_id_IRN72/_referencetype_standard/_run_003_session_1_task_name_videos/sub-IRN72_ses-1_task-videos_dir-AP_run-003_bold_mcf_corrected_flirt.nii.gz
IRN52,1,001,rest10,316.6623229980469,245.18331985473634,107146,/lustre/disk/home/shared/cusacklab/foundcog/bids/derivatives/faizan_motion_correction_dataset/brain_masked_cropped_hfiltered_normalized_to_common_space/_subject_id_IRN52/_referencetype_standard/_run_001_session_1_task_name_rest10/sub-IRN52_ses-1_task-rest10_dir-AP_run-001_bold_mcf_corrected_flirt.nii.gz
IRN72,1,002,videos,239.32974243164062,149.16566619873046,107146,/lustre/disk/home/shared/cusacklab/foundcog/bids/derivatives/faizan_motion_correction_dataset/brain_masked_cropped_hfiltered_normalized_to_common_space/_subject_id_IRN72/_referencetype_standard/_run_002_session_1_task_name_videos/sub-IRN72_ses-1_task-videos_dir-AP_run-002_bold_mcf_corrected_flirt.nii.gz
IRN78,1,001,videos,246.74856567382812,148.8681198120117,107146,/lustre/disk/home/shared/cusacklab/foundcog/bids/derivatives/faizan_motion_correction_dataset/brain_masked_cropped_hfiltered_normalized_to_common_space/_subject_id_IRN78/_referencetype_standard/_run_001_session_1_task_name_videos/sub-IRN78_ses-1_task-videos_dir-AP_run-001_bold_mcf_corrected_flirt.nii.gz
IRN74,1,001,videos,269.9520568847656,166.12809066772462,107146,/lustre/disk/home/shared/cusacklab/foundcog/bids/derivatives/faizan_motion_correction_dataset/brain_masked_cropped_hfiltered_normalized_to_common_space/_subject_id_IRN74/_referencetype_standard/_run_001_session_1_task_name_videos/sub-IRN74_ses-1_task-videos_dir-AP_run-001_bold_mcf_corrected_flirt.nii.gz
IRN76,1,001,videos,265.9224548339844,168.0218505859375,107146,/lustre/disk/home/shared/cusacklab/foundcog/bids/derivatives/faizan_motion_correction_dataset/brain_masked_cropped_hfiltered_normalized_to_common_space/_subject_id_IRN76/_referencetype_standard/_run_001_session_1_task_name_videos/sub-IRN76_ses-1_task-videos_dir-AP_run-001_bold_mcf_corrected_flirt.nii.gz
ITT1,1,001,videos,386.5395812988281,200.1439971923828,106771,/lustre/disk/home/shared/cusacklab/foundcog/bids/derivatives/faizan_motion_correction_dataset/brain_masked_cropped_hfiltered_normalized_to_common_space/_subject_id_ITT1/_referencetype_standard/_run_001_session_1_task_name_videos/sub-ITT1_ses-1_task-videos_dir-AP_run-001_bold_mcf_corrected_flirt.nii.gz
IRN78,1,002,videos,245.2418212890625,149.40871505737306,107146,/lustre/disk/home/shared/cusacklab/foundcog/bids/derivatives/faizan_motion_correction_dataset/brain_masked_cropped_hfiltered_normalized_to_common_space/_subject_id_IRN78/_referencetype_standard/_run_002_session_1_task_name_videos/sub-IRN78_ses-1_task-videos_dir-AP_run-002_bold_mcf_corrected_flirt.nii.gz
IRN78,1,003,videos,241.46029663085938,148.18524169921875,107126,/lustre/disk/home/shared/cusacklab/foundcog/bids/derivatives/faizan_motion_correction_dataset/brain_masked_cropped_hfiltered_normalized_to_common_space/_subject_id_IRN78/_referencetype_standard/_run_003_session_1_task_name_videos/sub-IRN78_ses-1_task-videos_dir-AP_run-003_bold_mcf_corrected_flirt.nii.gz
IRN62A,1,001,rest10,406.7467346191406,153.62841949462893,111014,/lustre/disk/home/shared/cusacklab/foundcog/bids/derivatives/faizan_motion_correction_dataset/brain_masked_cropped_hfiltered_normalized_to_common_space/_subject_id_IRN62A/_referencetype_standard/_run_001_session_1_task_name_rest10/sub-IRN62A_ses-1_task-rest10_dir-AP_run-001_bold_mcf_corrected_flirt.nii.gz
IRN64,2,001,rest10,242.5458984375,101.58834915161134,107146,/lustre/disk/home/shared/cusacklab/foundcog/bids/derivatives/faizan_motion_correction_dataset/brain_masked_cropped_hfiltered_normalized_to_common_space/_subject_id_IRN64/_referencetype_standard/_run_001_session_2_task_name_rest10/sub-IRN64_ses-2_task-rest10_dir-AP_run-001_bold_mcf_corrected_flirt.nii.gz
IRN72,1,001,rest10,241.97874450683594,147.38986206054688,107146,/lustre/disk/home/shared/cusacklab/foundcog/bids/derivatives/faizan_motion_correction_dataset/brain_masked_cropped_hfiltered_normalized_to_common_space/_subject_id_IRN72/_referencetype_standard/_run_001_session_1_task_name_rest10/sub-IRN72_ses-1_task-rest10_dir-AP_run-001_bold_mcf_corrected_flirt.nii.gz
IRN74,1,001,rest10,272.48223876953125,170.68495254516603,107146,/lustre/disk/home/shared/cusacklab/foundcog/bids/derivatives/faizan_motion_correction_dataset/brain_masked_cropped_hfiltered_normalized_to_common_space/_subject_id_IRN74/_referencetype_standard/_run_001_session_1_task_name_rest10/sub-IRN74_ses-1_task-rest10_dir-AP_run-001_bold_mcf_corrected_flirt.nii.gz
IRN66,1,001,rest10,328.9454345703125,200.49795837402334,107146,/lustre/disk/home/shared/cusacklab/foundcog/bids/derivatives/faizan_motion_correction_dataset/brain_masked_cropped_hfiltered_normalized_to_common_space/_subject_id_IRN66/_referencetype_standard/_run_001_session_1_task_name_rest10/sub-IRN66_ses-1_task-rest10_dir-AP_run-001_bold_mcf_corrected_flirt.nii.gz
IRN68,2,001,rest10,266.84722900390625,120.27975616455078,107146,/lustre/disk/home/shared/cusacklab/foundcog/bids/derivatives/faizan_motion_correction_dataset/brain_masked_cropped_hfiltered_normalized_to_common_space/_subject_id_IRN68/_referencetype_standard/_run_001_session_2_task_name_rest10/sub-IRN68_ses-2_task-rest10_dir-AP_run-001_bold_mcf_corrected_flirt.nii.gz
IRN76,1,001,rest10,266.9958801269531,174.76863174438478,107146,/lustre/disk/home/shared/cusacklab/foundcog/bids/derivatives/faizan_motion_correction_dataset/brain_masked_cropped_hfiltered_normalized_to_common_space/_subject_id_IRN76/_referencetype_standard/_run_001_session_1_task_name_rest10/sub-IRN76_ses-1_task-rest10_dir-AP_run-001_bold_mcf_corrected_flirt.nii.gz
